machine_id,timestamp,temperature,vibration,pressure,rpm,current,oil_level
MACH-001,2024-06-01 09:00:00,66.89006024096415,2.0255068672334886,5.393906144496954,1617.874396135268,9.454545454544451,75.08928571428581
MACH-001,2024-06-01 10:00:00,70.61746987951761,2.198822759973832,5.586850101282924,1588.4057971014504,9.272727272726396,74.28571428571426
MACH-001,2024-06-01 11:00:00,72.87650602409649,1.8857096141268805,5.667370020256587,1613.0434782608706,9.636363636362509,83.12499999999993
MACH-001,2024-06-01 12:00:00,72.87650602409649,1.4605951602354454,5.490378122889931,1622.222222222226,9.909090909091661,88.74999999999996
MACH-001,2024-06-01 13:00:00,73.10240963855411,1.4655003270111115,5.820813639432817,1600.483091787441,9.454545454544451,82.72321428571429
MACH-001,2024-06-01 14:00:00,70.05271084337353,1.5979398299542207,5.224510465901409,1632.8502415458936,9.090909090908339,87.54464285714305
MACH-001,2024-06-01 15:00:00,74.34487951807236,2.239699149771085,5.178933153274813,1616.9082125603895,9.090909090908339,79.50892857142864
MACH-001,2024-06-01 16:00:00,75.24849397590287,1.4744931327665176,5.422012153950035,1593.236714975848,8.909090909090283,84.33035714285712
MACH-001,2024-06-01 17:00:00,70.27861445783117,2.1301504251144543,4.953325455773123,1585.5072463768154,9.363636363637491,82.32142857142867
MACH-001,2024-06-01 18:00:00,65.64759036144589,2.151406147809025,5.383271438217423,1580.676328502418,9.363636363637491,92.76785714285715
MACH-001,2024-06-01 19:00:00,72.08584337349349,1.3755722694571624,5.396944632005409,1626.5700483091787,9.363636363637491,87.94642857142868
MACH-001,2024-06-01 20:00:00,69.600903614457,1.511281883584049,5.359723160027015,1625.6038647343003,9.727272727273604,86.7410714285715
MACH-001,2024-06-01 21:00:00,81.00903614457887,1.4115434924787493,5.411377447670487,1573.429951690825,9.999999999998622,78.7053571428571
MACH-001,2024-06-01 22:00:00,72.87650602409649,2.2912034009156335,5.284520594193118,1623.6714975845437,9.727272727273604,76.294642857143
MACH-001,2024-06-01 23:00:00,73.780120481927,1.5448005232177844,5.510128291694809,1583.091787439614,9.909090909091661,81.91964285714303
MACH-001,2024-06-02 00:00:00,70.39156626505998,1.8848920863309364,5.690158676569885,1597.584541062806,9.363636363637491,84.33035714285712
MACH-001,2024-06-02 01:00:00,75.47439759036179,1.6379986919555294,5.34453072248481,1590.8212560386464,9.454545454544451,89.15178571428588
MACH-001,2024-06-02 02:00:00,75.92620481927706,2.13505559189012,5.053595543551646,1610.1449275362356,9.363636363637491,85.5357142857143
MACH-001,2024-06-02 03:00:00,66.5512048192764,1.8505559189012377,5.374915597569203,1609.1787439613518,9.272727272726396,77.90178571428582
MACH-001,2024-06-02 04:00:00,80.67018072289113,1.3232504905166702,5.745611073598921,1639.6135265700475,9.363636363637491,85.13392857142867
MACH-001,2024-06-02 05:00:00,73.10240963855411,1.728744277305423,5.206279540850785,1604.34782608696,9.909090909091661,87.94642857142868
MACH-001,2024-06-02 06:00:00,77.62048192771056,2.2895683453237448,5.391627278865626,1582.608695652175,9.272727272726396,84.33035714285712
MACH-001,2024-06-02 07:00:00,70.50451807228879,1.9020601700457855,4.949527346387576,1599.5169082125626,9.363636363637491,83.92857142857149
MACH-001,2024-06-02 08:00:00,73.21536144578292,2.117887508175271,5.257933828494257,1575.8454106280208,9.999999999998622,76.294642857143
MACH-001,2024-06-02 09:00:00,77.62048192771056,2.385219097449304,5.301991897366651,1600.483091787441,9.090909090908339,79.50892857142864
MACH-001,2024-06-02 10:00:00,70.73042168674642,1.9748201438848851,5.0497974341660985,1605.7971014492775,9.545454545455549,83.52678571428585
MACH-001,2024-06-02 11:00:00,73.8930722891571,2.088456507521257,5.488099257258602,1603.8647342995207,9.090909090908339,79.10714285714302
MACH-001,2024-06-02 12:00:00,72.87650602409649,1.464682799215167,5.28224172856179,1633.3333333333328,9.999999999998622,77.50000000000018
MACH-001,2024-06-02 13:00:00,67.90662650602349,1.6273708306082346,5.423531397704254,1612.5603864734314,9.363636363637491,84.33035714285712
MACH-001,2024-06-02 14:00:00,71.18222891566296,2.337802485284496,5.050557056043209,1618.3574879227072,9.545454545455549,77.90178571428582
MACH-001,2024-06-02 15:00:00,69.14909638554172,1.5742315238718172,5.112846049966246,1606.7632850241557,9.636363636362509,77.50000000000018
MACH-001,2024-06-02 16:00:00,72.65060240963885,2.162851536952264,5.375675219446312,1646.8599033816463,9.272727272726396,83.92857142857149
MACH-001,2024-06-02 17:00:00,76.94277108433766,1.9192282537606344,5.532916948008108,1629.9516908212586,9.272727272726396,82.72321428571429
MACH-001,2024-06-02 18:00:00,75.02259036144525,1.3526814911707028,5.3847906819716425,1614.9758454106275,9.181818181819434,75.08928571428581
MACH-001,2024-06-02 19:00:00,73.8930722891571,2.050032701111837,5.576215395003375,1614.9758454106275,9.272727272726396,81.51785714285711
MACH-001,2024-06-02 20:00:00,75.02259036144525,1.3731196860693293,5.7691593517893285,1626.0869565217395,9.000000000001378,83.92857142857149
MACH-001,2024-06-02 21:00:00,68.81024096385528,1.1597449313276582,5.264770425388258,1630.9178743961368,9.545454545455549,82.32142857142867
MACH-001,2024-06-02 22:00:00,68.1325301204811,2.017331589274027,5.310347738014855,1634.2995169082164,9.636363636362509,83.12499999999993
MACH-001,2024-06-02 23:00:00,69.03614457831291,1.4949313276651441,5.400742741390956,1599.0338164251234,9.090909090908339,89.15178571428588
MACH-001,2024-06-03 00:00:00,71.63403614457823,1.4025506867233433,5.482781904118837,1628.0193236715018,9.454545454544451,80.71428571428584
MACH-001,2024-06-03 01:00:00,73.44126506024055,2.157128842380635,5.59216745442269,1586.956521739133,9.454545454544451,90.35714285714278
MACH-001,2024-06-03 02:00:00,70.27861445783117,1.6134728580771813,5.453156650911554,1597.584541062806,9.636363636362509,74.28571428571426
MACH-001,2024-06-03 03:00:00,71.63403614457823,2.1742969260954847,5.807900067521941,1585.0241545893707,9.181818181819434,81.11607142857147
MACH-001,2024-06-03 04:00:00,68.1325301204811,1.799869195552653,5.439483457123568,1607.7294685990341,9.272727272726396,75.89285714285708
MACH-001,2024-06-03 05:00:00,74.90963855421643,1.4303466317854874,5.284520594193118,1592.2705314009695,9.636363636362509,75.89285714285708
MACH-001,2024-06-03 06:00:00,73.780120481927,1.9102354480052286,5.444800810263334,1588.8888888888896,9.454545454544451,85.93749999999994
MACH-001,2024-06-03 07:00:00,71.29518072289179,1.2586657946370134,5.567859554355173,1618.8405797101464,9.454545454544451,85.13392857142867
MACH-001,2024-06-03 08:00:00,67.68072289156585,1.928221059516022,5.284520594193118,1601.4492753623194,9.636363636362509,77.90178571428582
MACH-001,2024-06-03 09:00:00,71.52108433734941,1.5881294964028707,5.178173531397704,1611.5942028985532,9.545454545455549,85.13392857142867
MACH-001,2024-06-03 10:00:00,77.62048192771056,1.9265860039241334,5.623311951384191,1596.6183574879221,9.454545454544451,75.08928571428581
MACH-001,2024-06-03 11:00:00,78.07228915662583,1.685415304120337,5.380232950708986,1587.4396135265722,9.090909090908339,89.15178571428588
MACH-001,2024-06-03 12:00:00,77.50753012048175,1.5407128842380629,5.011816340310596,1554.1062801932358,9.272727272726396,91.16071428571433
MACH-001,2024-06-03 13:00:00,75.81325301204824,1.2177894048397606,5.520003376097231,1608.2125603864733,9.363636363637491,82.32142857142867
MACH-001,2024-06-03 14:00:00,73.66716867469819,2.2617724002616004,5.439483457123568,1598.0676328502452,9.272727272726396,78.7053571428571
MACH-001,2024-06-03 15:00:00,73.55421686746936,1.6371811641595853,5.468349088453742,1622.222222222226,9.272727272726396,77.90178571428582
MACH-001,2024-06-03 16:00:00,74.45783132530117,1.7499999999999938,5.406060094530721,1599.5169082125626,9.000000000001378,83.52678571428585
MACH-001,2024-06-03 17:00:00,70.39156626505998,1.5325376062786198,5.560263335584062,1572.463768115941,9.363636363637491,82.32142857142867
MACH-001,2024-06-03 18:00:00,67.79367469879466,2.0876389797253125,5.195644834571237,1607.246376811595,9.727272727273604,83.52678571428585
MACH-001,2024-06-03 19:00:00,72.65060240963885,2.599411379986919,5.614956110735989,1630.4347826086976,9.545454545455549,83.52678571428585
MACH-001,2024-06-03 20:00:00,72.76355421686766,1.4573250490516685,5.581532748143141,1600.483091787441,9.454545454544451,77.50000000000018
MACH-001,2024-06-03 21:00:00,70.05271084337353,1.5227272727272694,5.76764010803511,1604.8309178743991,9.909090909091661,81.51785714285711
MACH-001,2024-06-03 22:00:00,70.84337349397524,1.3624918247220346,5.313386225523292,1622.222222222226,9.818181818180566,82.72321428571429
MACH-001,2024-06-03 23:00:00,75.70030120481943,2.2249836494440878,4.997383524645518,1575.3623188405818,9.454545454544451,73.48214285714299
MACH-001,2024-06-04 00:00:00,71.52108433734941,1.601209941137998,5.356684672518561,1594.6859903381653,9.818181818180566,75.89285714285708
MACH-001,2024-06-04 01:00:00,72.08584337349349,1.6183780248528472,5.594446320054018,1599.0338164251234,9.181818181819434,71.47321428571425
MACH-001,2024-06-04 02:00:00,74.57078313252998,1.9274035317200777,5.311866981769073,1600.483091787441,9.454545454544451,88.34821428571432
MACH-001,2024-06-04 03:00:00,72.65060240963885,2.0680183126226304,5.577734638757595,1615.4589371980667,9.818181818180566,78.30357142857146
MACH-001,2024-06-04 04:00:00,74.6837349397588,1.4009156311314546,5.68408170155301,1602.4154589371979,9.818181818180566,79.50892857142864
MACH-001,2024-06-04 05:00:00,73.8930722891571,2.1072596468279947,5.442521944632006,1631.8840579710152,9.545454545455549,77.50000000000018
MACH-001,2024-06-04 06:00:00,71.4081325301206,1.5611510791366894,5.5595037137069525,1600.9661835748802,9.909090909091661,77.50000000000018
MACH-001,2024-06-04 07:00:00,71.29518072289179,1.266023544800531,5.58305199189736,1603.381642512076,9.181818181819434,81.91964285714303
MACH-001,2024-06-04 08:00:00,73.55421686746936,1.1711903204708973,5.865631330182305,1588.8888888888896,9.545454545455549,83.12499999999993
MACH-001,2024-06-04 09:00:00,72.1987951807223,2.216808371484626,5.19108710330858,1594.6859903381653,9.181818181819434,82.32142857142867
MACH-001,2024-06-04 10:00:00,79.76656626506062,1.6126553302812372,5.460752869682648,1601.9323671497586,9.545454545455549,70.66964285714297
MACH-001,2024-06-04 11:00:00,68.47138554216883,1.4221713538260254,4.954844699527341,1581.1594202898573,9.545454545455549,85.13392857142867
MACH-001,2024-06-04 12:00:00,71.29518072289179,1.98544800523218,5.267808912896696,1584.0579710144925,9.090909090908339,76.294642857143
MACH-001,2024-06-04 13:00:00,75.13554216867406,1.7475474166121607,5.422012153950035,1629.9516908212586,9.454545454544451,77.50000000000018
MACH-001,2024-06-04 14:00:00,68.81024096385528,1.2946370176586006,5.659773801485476,1574.8792270531426,9.636363636362509,77.90178571428582
MACH-001,2024-06-04 15:00:00,70.27861445783117,1.4336167429692646,5.646860229574616,1589.3719806763288,9.272727272726396,79.91071428571428
MACH-001,2024-06-04 16:00:00,68.24548192771121,2.2102681491170717,4.860651586765693,1596.135265700483,9.454545454544451,68.2589285714286
MACH-001,2024-06-04 17:00:00,77.1686746987953,1.6265533028122905,5.503291694800807,1594.6859903381653,9.818181818180566,76.69642857142864
MACH-001,2024-06-04 18:00:00,69.37499999999936,1.974002616088941,5.285280216070229,1609.1787439613518,9.818181818180566,83.92857142857149
MACH-001,2024-06-04 19:00:00,76.37801204819232,1.8906147809025464,5.832967589466584,1575.8454106280208,9.636363636362509,85.13392857142867
MACH-001,2024-06-04 20:00:00,76.15210843373468,1.6837802485284483,5.849679270762991,1596.135265700483,9.363636363637491,78.7053571428571
MACH-001,2024-06-04 21:00:00,72.08584337349349,2.059843034663168,5.801063470627957,1619.8067632850248,9.000000000001378,79.50892857142864
MACH-001,2024-06-04 22:00:00,67.11596385542177,1.9519293655984258,5.618754220121535,1585.5072463768154,9.818181818180566,78.7053571428571
MACH-001,2024-06-04 23:00:00,72.65060240963885,1.7794310006540264,6.3434334908845305,1605.3140096618383,10.181818181816679,80.31249999999991
MACH-001,2024-06-05 00:00:00,68.47138554216883,1.3379659908436865,5.810938555030378,1623.6714975845437,9.545454545455549,75.49107142857144
MACH-001,2024-06-05 01:00:00,71.63403614457823,1.6191955526487916,5.516964888588793,1596.135265700483,9.363636363637491,75.49107142857144
MACH-001,2024-06-05 02:00:00,76.49096385542113,1.590582079790722,6.330519918973671,1546.3768115942034,9.818181818180566,81.11607142857147
MACH-001,2024-06-05 03:00:00,68.69728915662647,1.6281883584041794,5.709908845374746,1578.2608695652168,9.272727272726396,81.11607142857147
MACH-001,2024-06-05 04:00:00,78.97590361445762,2.05248528449967,5.406819716407831,1591.3043478260856,10.181818181816679,75.89285714285708
MACH-001,2024-06-05 05:00:00,78.52409638554238,2.35578809679529,5.99248818365969,1603.8647342995207,9.545454545455549,75.49107142857144
MACH-001,2024-06-05 06:00:00,74.00602409638591,1.4998364944408098,5.723582039162732,1593.719806763287,10.272727272727774,74.68750000000018
MACH-001,2024-06-05 07:00:00,78.63704819277119,1.036298234139955,6.115546927751512,1596.135265700483,9.090909090908339,78.7053571428571
MACH-001,2024-06-05 08:00:00,71.06927710843415,1.5652387181164111,4.980671843349095,1568.5990338164277,9.545454545455549,78.30357142857146
MACH-001,2024-06-05 09:00:00,69.71385542168709,2.521746239372135,5.9415935178933115,1571.4975845410627,9.727272727273604,75.49107142857144
MACH-001,2024-06-05 10:00:00,68.9231927710841,2.14077828646173,5.694716407832541,1540.0966183574885,9.454545454544451,79.10714285714302
MACH-001,2024-06-05 11:00:00,74.11897590361473,2.27321778940484,5.813977042538832,1588.8888888888896,9.636363636362509,77.90178571428582
MACH-001,2024-06-05 12:00:00,71.4081325301206,2.019784172661878,6.210499662390269,1611.111111111114,9.545454545455549,68.2589285714286
MACH-001,2024-06-05 13:00:00,77.39457831325294,1.5742315238718172,5.607359891964895,1570.0483091787453,9.454545454544451,69.06250000000016
MACH-001,2024-06-05 14:00:00,78.52409638554238,1.9772727272727182,5.608119513842004,1572.463768115941,10.272727272727774,74.28571428571426
MACH-001,2024-06-05 15:00:00,71.29518072289179,1.336330935251798,5.59216745442269,1583.091787439614,9.727272727273604,71.07142857142861
MACH-001,2024-06-05 16:00:00,72.1987951807223,2.1015369522563847,5.823092505064146,1584.0579710144925,9.636363636362509,80.31249999999991
MACH-001,2024-06-05 17:00:00,69.03614457831291,1.9094179202092842,5.5929270762998,1557.4879227053157,9.727272727273604,81.51785714285711
MACH-001,2024-06-05 18:00:00,76.60391566264994,1.9723675604970523,5.686360567184338,1581.1594202898573,9.636363636362509,76.294642857143
MACH-001,2024-06-05 19:00:00,74.90963855421643,2.4694244604316617,5.935516542876436,1587.9227053140114,9.545454545455549,79.91071428571428
MACH-001,2024-06-05 20:00:00,85.75301204819296,1.7156638325703137,5.308068872383527,1621.2560386473422,10.181818181816679,69.46428571428578
MACH-001,2024-06-05 21:00:00,74.45783132530117,1.7598103335513442,6.039584740040506,1580.676328502418,9.818181818180566,70.66964285714297
MACH-001,2024-06-05 22:00:00,75.13554216867406,2.0508502289077812,5.444800810263334,1604.34782608696,10.090909090909717,71.87500000000017
MACH-001,2024-06-05 23:00:00,76.49096385542113,1.590582079790722,5.96438217420661,1575.8454106280208,9.999999999998622,69.06250000000016
MACH-001,2024-06-06 00:00:00,76.37801204819232,1.7606278613472885,5.488099257258602,1561.3526570048346,9.454545454544451,85.13392857142867
MACH-001,2024-06-06 01:00:00,76.60391566264994,2.1195225637671595,5.8489196488858815,1547.826086956521,9.818181818180566,75.49107142857144
MACH-001,2024-06-06 02:00:00,72.42469879517994,1.9208633093525234,5.573936529372048,1614.4927536231883,9.545454545455549,70.66964285714297
MACH-001,2024-06-06 03:00:00,76.37801204819232,2.445716154349239,5.849679270762991,1606.7632850241557,9.909090909091661,76.69642857142864
MACH-001,2024-06-06 04:00:00,76.15210843373468,1.2578482668410693,5.4994935854152605,1619.8067632850248,9.636363636362509,76.69642857142864
MACH-001,2024-06-06 05:00:00,73.21536144578292,2.031229561805099,6.058575286968257,1628.9855072463802,9.818181818180566,73.08035714285707
MACH-001,2024-06-06 06:00:00,72.76355421686766,1.6960431654676318,6.057815665091148,1612.5603864734314,9.818181818180566,71.87500000000017
MACH-001,2024-06-06 07:00:00,76.49096385542113,2.6059516023544735,5.687120189061448,1589.3719806763288,9.818181818180566,71.87500000000017
MACH-001,2024-06-06 08:00:00,78.07228915662583,2.359058207979067,5.9317184334908895,1584.0579710144925,9.818181818180566,69.86607142857142
MACH-001,2024-06-06 09:00:00,76.03915662650587,2.3410725964682735,6.252278865631337,1585.9903381642546,9.545454545455549,76.294642857143
MACH-001,2024-06-06 10:00:00,83.60692771084291,2.3508829300196243,6.409520594193115,1572.9468599033803,10.272727272727774,69.86607142857142
MACH-001,2024-06-06 11:00:00,84.62349397590353,1.7769784172661933,5.579253882511813,1534.782608695652,9.999999999998622,77.50000000000018
MACH-001,2024-06-06 12:00:00,74.34487951807236,1.8162197514715577,5.521522619851449,1516.4251207729467,10.090909090909717,71.87500000000017
MACH-001,2024-06-06 13:00:00,79.76656626506062,1.6796926095487268,5.836006076975022,1525.120772946863,10.090909090909717,68.66071428571423
MACH-001,2024-06-06 14:00:00,74.45783132530117,1.4483322432962806,6.75362930452397,1586.956521739133,9.363636363637491,74.28571428571426
MACH-001,2024-06-06 15:00:00,80.10542168674706,1.7965990843688755,5.309588116137745,1591.3043478260856,9.727272727273604,68.66071428571423
MACH-001,2024-06-06 16:00:00,74.23192771084354,2.366415958142566,5.884621877110057,1539.6135265700493,10.090909090909717,69.06250000000016
MACH-001,2024-06-06 17:00:00,73.55421686746936,2.1587638979725234,5.987930452397034,1524.1545893719792,9.727272727273604,69.46428571428578
MACH-001,2024-06-06 18:00:00,76.82981927710887,1.7148463047743696,6.2788656313301825,1535.7487922705304,10.090909090909717,75.49107142857144
MACH-001,2024-06-06 19:00:00,80.3313253012047,1.7050359712230192,6.354827819041189,1585.9903381642546,9.909090909091661,65.84821428571422
MACH-001,2024-06-06 20:00:00,82.36445783132594,2.5454545454545388,5.785871033085752,1559.9033816425115,10.45454545454583,71.47321428571425
MACH-001,2024-06-06 21:00:00,74.00602409638591,2.265860039241341,6.1163065496286215,1591.7874396135303,9.909090909091661,71.07142857142861
MACH-001,2024-06-06 22:00:00,78.52409638554238,1.5284499672988794,5.551147873058749,1561.8357487922735,9.909090909091661,63.839285714285765
MACH-001,2024-06-06 23:00:00,74.00602409638591,1.6862328319162811,5.867150573936524,1556.5217391304373,10.181818181816679,80.31249999999991
MACH-001,2024-06-07 00:00:00,78.41114457831355,1.6183780248528472,5.6818028359216814,1609.1787439613518,9.454545454544451,76.69642857142864
MACH-001,2024-06-07 01:00:00,73.780120481927,2.433453237410075,5.739534098582046,1571.0144927536235,10.181818181816679,58.21428571428574
MACH-001,2024-06-07 02:00:00,77.84638554216819,2.035317200784821,6.361664415935172,1547.826086956521,9.909090909091661,77.90178571428582
MACH-001,2024-06-07 03:00:00,81.46084337349413,2.2364290385873082,6.305452397029027,1564.2512077294696,9.454545454544451,67.05357142857142
MACH-001,2024-06-07 04:00:00,80.78313253011996,2.1227926749509556,5.98337272113436,1511.1111111111104,10.45454545454583,73.48214285714299
MACH-001,2024-06-07 05:00:00,73.32831325301174,2.0516677567037256,6.5067521944632,1573.9130434782642,10.090909090909717,74.28571428571426
MACH-001,2024-06-07 06:00:00,74.6837349397588,2.4825049051667705,6.367741390952064,1557.4879227053157,9.818181818180566,70.26785714285705
MACH-001,2024-06-07 07:00:00,77.62048192771056,2.303466317854798,5.668129642133696,1582.1256038647357,10.090909090909717,73.08035714285707
MACH-001,2024-06-07 08:00:00,81.23493975903651,2.2045454545454612,5.785871033085752,1589.3719806763288,10.45454545454583,71.07142857142861
MACH-001,2024-06-07 09:00:00,79.65361445783181,2.4522563767168126,6.079844699527355,1553.6231884057966,10.090909090909717,72.27678571428581
MACH-001,2024-06-07 10:00:00,77.05572289156649,1.7843361674296923,6.018315327481426,1532.8502415458954,9.999999999998622,68.66071428571423
MACH-001,2024-06-07 11:00:00,71.74698795180704,2.4465336821451835,6.104912221471981,1556.5217391304373,10.181818181816679,61.83035714285731
MACH-001,2024-06-07 12:00:00,80.44427710843351,2.05248528449967,6.2515192437542275,1544.4444444444466,10.363636363634736,74.28571428571426
MACH-001,2024-06-07 13:00:00,79.08885542168645,2.2773054283845613,6.1611242403781254,1529.9516908212547,10.45454545454583,60.625000000000114
MACH-001,2024-06-07 14:00:00,80.89608433734877,1.9690974493132751,6.048700202565835,1579.71014492754,9.999999999998622,69.86607142857142
MACH-001,2024-06-07 15:00:00,78.18524096385593,2.2454218443427143,6.255317353139775,1523.67149758454,10.181818181816679,70.66964285714297
MACH-001,2024-06-07 16:00:00,76.49096385542113,2.753106605624581,6.930621201890609,1533.8164251207738,10.545454545452792,65.04464285714295
MACH-001,2024-06-07 17:00:00,80.10542168674706,1.9821778940484027,6.454338284942602,1536.7149758454088,10.181818181816679,64.2410714285714
MACH-001,2024-06-07 18:00:00,78.07228915662583,2.6247547416612114,6.569041188386221,1531.4009661835778,10.181818181816679,64.64285714285732
MACH-001,2024-06-07 19:00:00,78.29819277108474,2.082733812949647,6.479405806887246,1546.8599033816427,10.363636363634736,69.46428571428578
MACH-001,2024-06-07 20:00:00,80.67018072289113,1.6911379986919473,6.961006076975018,1563.7681159420304,11.272727272729153,70.66964285714297
MACH-001,2024-06-07 21:00:00,71.18222891566296,2.707325049051662,6.295577312626605,1519.3236714975874,10.181818181816679,65.04464285714295
MACH-001,2024-06-07 22:00:00,78.86295180722882,2.6075866579463627,6.114787305874403,1561.3526570048346,10.727272727270847,66.65178571428578
MACH-001,2024-06-07 23:00:00,78.97590361445762,2.0124264224983612,6.895678595543543,1512.5603864734278,10.090909090909717,63.43750000000013
MACH-001,2024-06-08 00:00:00,85.3012048192777,2.103172007848273,6.721725185685342,1497.5845410628021,10.818181818181944,60.2232142857142
MACH-001,2024-06-08 01:00:00,80.21837349397589,2.393394375408766,6.6632343011478685,1542.5120772946846,10.545454545452792,63.03571428571421
MACH-001,2024-06-08 02:00:00,81.91265060240939,2.2315238718116426,7.131920999324782,1536.7149758454088,10.272727272727774,62.23214285714294
MACH-001,2024-06-08 03:00:00,78.52409638554238,2.9117069980379275,6.9503713706954695,1523.67149758454,10.727272727270847,58.21428571428574
MACH-001,2024-06-08 04:00:00,82.13855421686702,2.7825376062786136,6.621455097906819,1499.0338164251198,10.45454545454583,65.84821428571422
MACH-001,2024-06-08 05:00:00,77.50753012048175,2.6247547416612114,5.962862930452391,1542.0289855072454,10.636363636363887,58.21428571428574
MACH-001,2024-06-08 06:00:00,84.05873493975945,2.599411379986919,7.0476029709655545,1510.144927536232,10.909090909088905,59.41964285714293
MACH-001,2024-06-08 07:00:00,80.44427710843351,2.3631458469587887,6.466492234976369,1531.4009661835778,11.0,59.82142857142856
MACH-001,2024-06-08 08:00:00,76.60391566264994,2.1473185088293034,6.5409351789331565,1508.2125603864752,10.909090909088905,60.2232142857142
MACH-001,2024-06-08 09:00:00,82.47740963855475,2.0631131458469643,6.719446320054013,1538.164251207732,11.181818181818056,58.616071428571374
MACH-001,2024-06-08 10:00:00,79.31475903614408,2.2715827338129513,6.6708305199189795,1504.8309178743955,10.818181818181944,59.41964285714293
MACH-001,2024-06-08 11:00:00,83.15512048192764,2.2184434270765148,6.48700202565834,1538.164251207732,10.727272727270847,52.58928571428572
MACH-001,2024-06-08 12:00:00,83.94578313253064,2.189829954218445,6.3912896691424725,1488.8888888888914,11.090909090906962,50.9821428571429
MACH-001,2024-06-08 13:00:00,79.87951807228944,2.1064421190320504,7.26789331532748,1510.144927536232,10.909090909088905,57.81250000000011
MACH-001,2024-06-08 14:00:00,76.15210843373468,2.852027468933936,7.063555030384869,1519.3236714975874,10.909090909088905,53.794642857142904
MACH-001,2024-06-08 15:00:00,87.10843373494002,3.1365271419228185,7.058997299122213,1486.4734299516902,11.0,59.41964285714293
MACH-001,2024-06-08 16:00:00,78.63704819277119,2.235611510791364,7.074949358541527,1499.516908212559,11.0,60.2232142857142
MACH-001,2024-06-08 17:00:00,89.14156626505998,3.032701111837797,7.170661715057394,1500.4830917874374,11.181818181818056,52.58928571428572
MACH-001,2024-06-08 18:00:00,84.5105421686747,3.3033028122956076,7.220796758946665,1512.5603864734278,11.0,53.794642857142904
MACH-001,2024-06-08 19:00:00,78.63704819277119,2.259319816873768,7.58541525995949,1483.091787439616,11.272727272729153,52.99107142857136
MACH-001,2024-06-08 20:00:00,86.76957831325358,2.8569326357096023,6.650320729237009,1547.826086956521,10.818181818181944,59.82142857142856
MACH-001,2024-06-08 21:00:00,85.18825301204888,2.598593852190975,6.916188386225531,1495.6521739130455,11.0,49.77678571428571
MACH-001,2024-06-08 22:00:00,93.88554216867534,3.037606278613463,7.370442268737331,1499.0338164251198,11.272727272729153,54.59821428571446
MACH-001,2024-06-08 23:00:00,82.92921686747002,2.6411052975801166,6.793889264010801,1473.9130434782605,10.818181818181944,52.58928571428572
MACH-001,2024-06-09 00:00:00,92.30421686747064,3.3122956180510137,7.818619176232273,1455.5555555555552,11.090909090906962,50.9821428571429
MACH-001,2024-06-09 01:00:00,89.25451807228879,3.15042511445389,7.201806212018913,1486.4734299516902,11.54545454545417,47.76785714285724
MACH-001,2024-06-09 02:00:00,85.97891566265059,2.471877043819495,7.346134368669814,1531.4009661835778,10.818181818181944,48.97321428571444
MACH-001,2024-06-09 03:00:00,83.83283132530181,2.2217135382602917,7.4198176907494915,1459.420289855074,11.54545454545417,44.55357142857161
MACH-001,2024-06-09 04:00:00,88.68975903614472,3.06213211249183,7.078747467927074,1500.966183574882,11.727272727272226,53.794642857142904
MACH-001,2024-06-09 05:00:00,93.54668674698762,2.5544473512099444,7.476029709655636,1441.0628019323688,11.363636363636113,50.58035714285727
MACH-001,2024-06-09 06:00:00,87.44728915662647,2.803793328973184,7.319547602970968,1469.5652173913024,11.54545454545417,40.5357142857144
MACH-001,2024-06-09 07:00:00,84.05873493975945,3.060497056899923,7.305874409182983,1451.6908212560363,11.454545454547208,47.76785714285724
MACH-001,2024-06-09 08:00:00,86.31777108433704,2.9828319162851566,7.414500337609725,1467.6328502415456,11.818181818183321,43.75000000000006
MACH-002,2024-06-01 09:00:00,67.68072289156585,1.546435578809673,4.685938555030383,1626.0869565217395,9.000000000001378,96.78571428571435
MACH-002,2024-06-01 10:00:00,66.89006024096415,1.8088620013080403,4.826468602295754,1637.681159420291,8.727272727272226,84.33035714285712
MACH-002,2024-06-01 11:00:00,63.84036144578228,1.9126880313930616,5.269328156650914,1655.555555555557,9.272727272726396,85.13392857142867
MACH-002,2024-06-01 12:00:00,65.30873493975817,1.5717789404839841,5.050557056043209,1612.5603864734314,8.727272727272226,89.95535714285714
MACH-002,2024-06-01 13:00:00,65.87349397590353,1.1532047089601036,5.539753544902092,1654.5893719806786,9.181818181819434,83.92857142857149
MACH-002,2024-06-01 14:00:00,61.01656626505934,1.0281229561805119,5.102211343686697,1647.8260869565247,9.272727272726396,91.96428571428588
MACH-002,2024-06-01 15:00:00,69.26204819277055,1.8448332243296277,5.397704253882519,1641.0628019323706,9.363636363637491,89.95535714285714
MACH-002,2024-06-01 16:00:00,75.13554216867406,2.083551340745591,4.998143146522628,1631.8840579710152,9.000000000001378,85.93749999999994
MACH-002,2024-06-01 17:00:00,68.69728915662647,1.3951929365598446,4.969277515192436,1633.8164251207775,9.090909090908339,88.34821428571432
MACH-002,2024-06-01 18:00:00,68.81024096385528,1.753270111183771,4.957883187035779,1630.9178743961368,8.818181818179188,85.5357142857143
MACH-002,2024-06-01 19:00:00,71.85993975903585,1.98544800523218,5.446320054017553,1634.2995169082164,9.000000000001378,85.5357142857143
MACH-002,2024-06-01 20:00:00,64.8569277108429,1.2316873773708323,5.492656988521276,1628.0193236715018,8.727272727272226,88.74999999999996
MACH-002,2024-06-01 21:00:00,66.4382530120476,1.7859712230215812,5.4645509790681945,1633.8164251207775,8.363636363636113,92.76785714285715
MACH-002,2024-06-01 22:00:00,65.08283132530053,1.562786134728578,5.003460499662393,1623.1884057971045,9.000000000001378,89.15178571428588
MACH-002,2024-06-01 23:00:00,71.29518072289179,1.219424460431649,5.508609047940572,1608.6956521739125,9.090909090908339,87.14285714285712
MACH-002,2024-06-02 00:00:00,66.77710843373404,1.3951929365598446,4.851536124240381,1626.0869565217395,8.818181818179188,84.33035714285712
MACH-002,2024-06-02 01:00:00,73.780120481927,1.5251798561151024,4.609216745442267,1582.1256038647357,9.272727272726396,88.74999999999996
MACH-002,2024-06-02 02:00:00,68.35843373494002,1.9216808371484675,5.3673193787981095,1640.5797101449314,8.909090909090283,85.13392857142867
MACH-002,2024-06-02 03:00:00,66.09939759036115,0.974166121648131,5.482781904118837,1660.8695652173933,9.090909090908339,88.34821428571432
MACH-002,2024-06-02 04:00:00,72.76355421686766,1.472858077174629,4.921421336934512,1631.400966183576,8.909090909090283,88.34821428571432
MACH-002,2024-06-02 05:00:00,69.48795180722817,1.1924460431654682,4.761900742741389,1635.2657004830949,9.181818181819434,92.36607142857152
MACH-002,2024-06-02 06:00:00,70.73042168674642,1.247220405493793,5.171336934503719,1617.3913043478287,8.54545454545417,87.14285714285712
MACH-002,2024-06-02 07:00:00,73.10240963855411,1.3052648790058954,4.398801485482782,1633.8164251207775,8.54545454545417,85.5357142857143
MACH-002,2024-06-02 08:00:00,68.81024096385528,1.3118051013734497,5.247299122214725,1576.32850241546,8.727272727272226,87.94642857142868
MACH-002,2024-06-02 09:00:00,66.77710843373404,1.672334859385228,5.091576637407149,1607.246376811595,8.909090909090283,86.33928571428586
MACH-002,2024-06-02 10:00:00,67.45481927710821,0.8548070634401679,4.763419986495608,1601.9323671497586,8.727272727272226,89.15178571428588
MACH-002,2024-06-02 11:00:00,70.27861445783117,1.677240026160894,5.523801485482777,1656.5217391304354,9.181818181819434,92.76785714285715
MACH-002,2024-06-02 12:00:00,69.37499999999936,1.363309352517979,5.154625253207296,1637.681159420291,8.818181818179188,94.37499999999997
MACH-002,2024-06-02 13:00:00,69.8268072289159,1.5415304120340072,5.202481431465221,1636.7149758454125,8.909090909090283,89.5535714285715
MACH-002,2024-06-02 14:00:00,66.4382530120476,2.0761935905820734,4.973835246455093,1630.4347826086976,8.727272727272226,85.93749999999994
MACH-002,2024-06-02 15:00:00,68.58433734939766,1.2210595160235376,4.660111411208647,1639.1304347826085,8.909090909090283,91.96428571428588
MACH-002,2024-06-02 16:00:00,64.17921686747002,1.6020274689339424,4.673024983119506,1627.536231884057,8.727272727272226,89.15178571428588
MACH-002,2024-06-02 17:00:00,66.5512048192764,1.655166775670379,5.055874409182991,1582.1256038647357,9.000000000001378,90.35714285714278
MACH-002,2024-06-02 18:00:00,70.27861445783117,1.5660562459123553,4.910786630654964,1653.140096618361,8.909090909090283,85.13392857142867
MACH-002,2024-06-02 19:00:00,61.80722891566233,0.8834205362982376,4.782410533423359,1635.748792270534,9.090909090908339,83.92857142857149
MACH-002,2024-06-02 20:00:00,60.67771084337289,1.3600392413342015,5.1303173531397785,1628.9855072463802,9.090909090908339,85.5357142857143
MACH-002,2024-06-02 21:00:00,70.05271084337353,1.6927730542838546,5.066509115462522,1649.275362318842,9.272727272726396,87.54464285714305
MACH-002,2024-06-02 22:00:00,71.4081325301206,1.65353172007849,5.177413909520594,1610.6280193236748,8.909090909090283,85.13392857142867
MACH-002,2024-06-02 23:00:00,68.9231927710841,1.6976782210595203,4.701890614449697,1602.8985507246368,8.909090909090283,85.93749999999994
MACH-002,2024-06-03 00:00:00,69.14909638554172,1.4524198822760024,5.2252700877785365,1603.8647342995207,9.181818181819434,85.13392857142867
MACH-002,2024-06-03 01:00:00,73.55421686746936,1.1482995421844377,5.252616475354491,1616.9082125603895,9.272727272726396,83.52678571428585
MACH-002,2024-06-03 02:00:00,71.97289156626468,1.16792020928712,4.750506414584748,1599.5169082125626,8.63636363636113,88.34821428571432
MACH-002,2024-06-03 03:00:00,69.14909638554172,1.2807390451275287,4.7102464550978995,1607.246376811595,9.272727272726396,90.7589285714287
MACH-002,2024-06-03 04:00:00,69.03614457831291,1.5864944408109818,5.248818365968944,1608.2125603864733,9.272727272726396,85.13392857142867
MACH-002,2024-06-03 05:00:00,69.48795180722817,1.7565402223675668,5.166019581363936,1610.1449275362356,9.363636363637491,87.14285714285712
MACH-002,2024-06-03 06:00:00,70.61746987951761,0.8605297580117781,4.786208642808906,1626.5700483091787,8.909090909090283,86.33928571428586
MACH-002,2024-06-03 07:00:00,73.44126506024055,1.5472531066056174,5.079422687373399,1646.8599033816463,9.272727272726396,92.76785714285715
MACH-002,2024-06-03 08:00:00,69.93975903614472,1.781066056245915,5.1926063470627986,1632.8502415458936,8.818181818179188,86.7410714285715
MACH-002,2024-06-03 09:00:00,78.52409638554238,1.548070634401562,5.0824611748818365,1602.4154589371979,9.272727272726396,86.7410714285715
MACH-002,2024-06-03 10:00:00,69.14909638554172,1.0575539568345258,5.331617150573934,1635.748792270534,8.909090909090283,87.54464285714305
MACH-002,2024-06-03 11:00:00,69.26204819277055,1.6690647482014322,4.821151249155971,1649.7584541062813,9.090909090908339,92.76785714285715
MACH-002,2024-06-03 12:00:00,63.50150602409584,1.9257684761281892,5.474426063470634,1637.1980676328517,8.909090909090283,90.35714285714278
MACH-002,2024-06-03 13:00:00,68.9231927710841,1.6330935251798637,5.1272788656313235,1616.4251207729503,9.363636363637491,94.7767857142859
MACH-002,2024-06-03 14:00:00,64.17921686747002,1.5153695225637707,5.753207292370014,1620.7729468599032,9.000000000001378,89.95535714285714
MACH-002,2024-06-03 15:00:00,72.65060240963885,1.6895029431000586,4.372974341661046,1626.5700483091787,9.090909090908339,86.7410714285715
MACH-002,2024-06-03 16:00:00,67.11596385542177,1.8080444735120962,4.510465901417962,1635.2657004830949,9.090909090908339,92.76785714285715
MACH-002,2024-06-03 17:00:00,74.57078313252998,1.5701438848920954,4.559841323430106,1594.202898550726,9.363636363637491,87.14285714285712
MACH-002,2024-06-03 18:00:00,72.31174698795112,1.4720405493786846,4.581870357866313,1622.7053140096652,9.181818181819434,81.91964285714303
MACH-002,2024-06-03 19:00:00,74.34487951807236,1.5791366906474829,5.1926063470627986,1629.4685990338194,9.636363636362509,87.14285714285712
MACH-002,2024-06-03 20:00:00,69.93975903614472,1.606115107913664,5.108288318703572,1603.381642512076,9.272727272726396,89.15178571428588
MACH-002,2024-06-03 21:00:00,73.55421686746936,1.678057553956838,5.326299797434169,1652.6570048309218,9.181818181819434,90.35714285714278
MACH-002,2024-06-03 22:00:00,66.77710843373404,1.0583714846304701,5.474426063470634,1625.6038647343003,9.181818181819434,83.12499999999993
MACH-002,2024-06-03 23:00:00,67.90662650602349,0.8915958142576808,4.972316002700874,1630.9178743961368,8.909090909090283,87.14285714285712
MACH-002,2024-06-04 00:00:00,65.08283132530053,1.367396991497719,5.459233625928429,1645.4106280193232,9.090909090908339,89.5535714285715
MACH-002,2024-06-04 01:00:00,65.53463855421708,1.4442446043165407,4.998902768399737,1614.009661835749,8.909090909090283,80.31249999999991
MACH-002,2024-06-04 02:00:00,71.85993975903585,1.6085676913014968,4.893315327481431,1605.7971014492775,9.454545454544451,87.14285714285712
MACH-002,2024-06-04 03:00:00,70.84337349397524,1.8562786134728664,5.001941255908174,1648.309178743964,9.818181818180566,95.58035714285717
MACH-002,2024-06-04 04:00:00,74.57078313252998,1.0003270111183864,5.292876434841322,1603.8647342995207,8.63636363636113,87.54464285714305
MACH-002,2024-06-04 05:00:00,77.1686746987953,1.7614453891432327,5.327819041188388,1617.3913043478287,9.000000000001378,80.71428571428584
MACH-002,2024-06-04 06:00:00,66.21234939758997,2.314911706998037,5.143230925050638,1623.1884057971045,9.363636363637491,83.52678571428585
MACH-002,2024-06-04 07:00:00,73.32831325301174,1.778613472858082,5.58305199189736,1649.275362318842,8.909090909090283,84.33035714285712
MACH-002,2024-06-04 08:00:00,74.34487951807236,1.4867560497056824,4.881161377447664,1626.5700483091787,9.181818181819434,86.33928571428586
MACH-002,2024-06-04 09:00:00,65.87349397590353,1.769620667102676,5.422771775827145,1620.289855072464,9.000000000001378,87.94642857142868
MACH-002,2024-06-04 10:00:00,73.32831325301174,1.562786134728578,5.054355165428772,1666.18357487923,9.000000000001378,83.92857142857149
MACH-002,2024-06-04 11:00:00,64.8569277108429,1.09107259646828,4.637322754895349,1670.5314009661881,8.454545454543075,90.35714285714278
MACH-002,2024-06-04 12:00:00,69.03614457831291,1.7974166121648198,5.322501688048622,1602.8985507246368,9.363636363637491,94.37499999999997
MACH-002,2024-06-04 13:00:00,68.58433734939766,1.9306736429038551,4.997383524645518,1603.381642512076,9.090909090908339,95.9821428571428
MACH-002,2024-06-04 14:00:00,73.8930722891571,1.8211249182472238,4.910786630654964,1640.5797101449314,8.818181818179188,89.15178571428588
MACH-002,2024-06-04 15:00:00,64.63102409638527,1.6895029431000586,5.2351451721809585,1609.6618357487964,8.909090909090283,84.73214285714303
MACH-002,2024-06-04 16:00:00,61.80722891566233,1.9135055591890058,4.892555705604321,1645.8937198067679,8.818181818179188,85.93749999999994
MACH-002,2024-06-04 17:00:00,65.7605421686747,1.094342707652057,4.5978224172856095,1660.8695652173933,9.090909090908339,83.92857142857149
MACH-002,2024-06-04 18:00:00,67.3418674698794,1.824395029431001,5.5595037137069525,1608.6956521739125,9.000000000001378,86.33928571428586
MACH-002,2024-06-04 19:00:00,65.87349397590353,1.655984303466323,5.257933828494257,1609.1787439613518,9.545454545455549,88.74999999999996
MACH-002,2024-06-04 20:00:00,73.55421686746936,1.7606278613472885,5.520003376097231,1642.028985507249,9.454545454544451,82.32142857142867
MACH-002,2024-06-04 21:00:00,65.87349397590353,1.9118705035971173,5.221471978392972,1624.637681159422,8.63636363636113,86.33928571428586
MACH-002,2024-06-04 22:00:00,67.22891566265059,1.1760954872465632,5.281482106684664,1625.120772946861,9.090909090908339,83.12499999999993
MACH-002,2024-06-04 23:00:00,72.9894578313253,1.4483322432962806,5.311107359891964,1637.681159420291,8.454545454543075,83.52678571428585
MACH-002,2024-06-05 00:00:00,71.52108433734941,1.876716808371493,5.209318028359222,1634.7826086956557,9.000000000001378,92.36607142857152
MACH-002,2024-06-05 01:00:00,68.35843373494002,1.6102027468933855,4.897873058744087,1609.1787439613518,8.909090909090283,86.7410714285715
MACH-002,2024-06-05 02:00:00,69.600903614457,1.295454545454545,5.753966914247124,1605.3140096618383,8.727272727272226,85.5357142857143
MACH-002,2024-06-05 03:00:00,69.93975903614472,1.524362328319158,5.308068872383527,1590.3381642512072,9.090909090908339,87.94642857142868
MACH-002,2024-06-05 04:00:00,72.9894578313253,1.630640941792012,5.285280216070229,1614.009661835749,9.090909090908339,88.74999999999996
MACH-002,2024-06-05 05:00:00,71.29518072289179,2.187377370830612,4.777093180283593,1596.6183574879221,9.363636363637491,84.33035714285712
MACH-002,2024-06-05 06:00:00,70.05271084337353,1.6919555264878916,4.998143146522628,1626.0869565217395,9.181818181819434,78.7053571428571
MACH-002,2024-06-05 07:00:00,75.24849397590287,1.1720078482668415,5.560263335584062,1600.0000000000018,9.363636363637491,91.56249999999997
MACH-002,2024-06-05 08:00:00,73.66716867469819,0.9823413996075927,5.3171843349088395,1619.8067632850248,8.63636363636113,91.16071428571433
MACH-002,2024-06-05 09:00:00,69.37499999999936,1.7328319162851447,5.386309925725861,1620.7729468599032,9.090909090908339,86.33928571428586
MACH-002,2024-06-05 10:00:00,65.87349397590353,1.873446697187697,5.430367994598239,1628.0193236715018,9.272727272726396,85.5357142857143
MACH-002,2024-06-05 11:00:00,69.37499999999936,1.6805101373446711,5.422012153950035,1621.2560386473422,9.363636363637491,88.74999999999996
MACH-002,2024-06-05 12:00:00,69.37499999999936,1.723839110529757,5.554945982444297,1623.6714975845437,8.909090909090283,85.5357142857143
MACH-002,2024-06-05 13:00:00,68.47138554216883,1.4499672988881693,5.18197164078325,1652.1739130434828,8.727272727272226,79.10714285714302
MACH-002,2024-06-05 14:00:00,73.8930722891571,2.069653368214519,5.883862255232947,1621.7391304347868,9.181818181819434,86.33928571428586
MACH-002,2024-06-05 15:00:00,69.48795180722817,1.8660889470241981,4.752785280216076,1621.7391304347868,9.909090909091661,84.73214285714303
MACH-002,2024-06-05 16:00:00,73.55421686746936,1.3992805755395659,5.143990546927747,1644.4444444444448,8.909090909090283,83.52678571428585
MACH-002,2024-06-05 17:00:00,68.24548192771121,1.6944081098757429,5.154625253207296,1639.6135265700475,9.090909090908339,81.11607142857147
MACH-002,2024-06-05 18:00:00,67.45481927710821,1.6093852190974411,5.547349763673186,1598.5507246376842,9.454545454544451,81.11607142857147
MACH-002,2024-06-05 19:00:00,74.79668674698762,1.3714846304774406,5.57089804186361,1610.6280193236748,8.54545454545417,87.54464285714305
MACH-002,2024-06-05 20:00:00,71.63403614457823,1.1057880967952962,5.063470627954085,1614.4927536231883,9.181818181819434,84.73214285714303
MACH-002,2024-06-05 21:00:00,70.27861445783117,2.083551340745591,4.808997299122222,1586.956521739133,9.999999999998622,82.72321428571429
MACH-002,2024-06-05 22:00:00,72.1987951807223,1.5022890778286428,5.23210668467252,1624.637681159422,9.545454545455549,81.51785714285711
MACH-002,2024-06-05 23:00:00,71.63403614457823,0.9749836494440755,4.874324780553679,1620.7729468599032,8.818181818179188,86.7410714285715
MACH-002,2024-06-06 00:00:00,74.45783132530117,1.9151406147808945,5.135634706279545,1616.4251207729503,9.000000000001378,79.10714285714302
MACH-002,2024-06-06 01:00:00,68.35843373494002,1.5766841072596498,5.708389601620527,1603.8647342995207,9.000000000001378,84.73214285714303
MACH-002,2024-06-06 02:00:00,70.39156626505998,0.9512753433616716,5.124240378122886,1653.6231884058002,9.000000000001378,86.33928571428586
MACH-002,2024-06-06 03:00:00,70.73042168674642,1.4998364944408098,5.44935854152599,1618.3574879227072,9.000000000001378,88.34821428571432
MACH-002,2024-06-06 04:00:00,73.21536144578292,1.0583714846304701,5.226029709655645,1622.222222222226,8.63636363636113,93.57142857142871
MACH-002,2024-06-06 05:00:00,68.58433734939766,1.546435578809673,4.998902768399737,1629.4685990338194,9.090909090908339,84.73214285714303
MACH-002,2024-06-06 06:00:00,68.35843373494002,1.2725637671680854,5.423531397704254,1598.5507246376842,9.000000000001378,89.5535714285715
MACH-002,2024-06-06 07:00:00,76.49096385542113,1.6461739699149727,5.490378122889931,1615.9420289855111,8.909090909090283,84.33035714285712
MACH-002,2024-06-06 08:00:00,69.03614457831291,2.0181491170699712,4.922180958811621,1620.7729468599032,9.363636363637491,85.13392857142867
MACH-002,2024-06-06 09:00:00,69.37499999999936,1.2480379332897373,4.704169480081025,1625.120772946861,8.54545454545417,82.72321428571429
MACH-002,2024-06-06 10:00:00,69.8268072289159,1.6837802485284483,5.748649561107358,1591.7874396135303,9.000000000001378,84.73214285714303
MACH-002,2024-06-06 11:00:00,70.16566265060234,1.9347612818835767,5.593686698176908,1615.4589371980667,9.272727272726396,85.5357142857143
MACH-002,2024-06-06 12:00:00,73.10240963855411,1.4875735775016266,5.292116812964212,1628.502415458941,9.272727272726396,91.56249999999997
MACH-002,2024-06-06 13:00:00,76.94277108433766,1.7491824722040494,5.191846725185689,1639.6135265700475,9.000000000001378,81.51785714285711
MACH-002,2024-06-06 14:00:00,69.71385542168709,1.84156311314585,5.607359891964895,1601.9323671497586,8.54545454545417,82.72321428571429
MACH-002,2024-06-06 15:00:00,71.85993975903585,1.7761608894702492,5.409858203916269,1604.34782608696,8.818181818179188,85.5357142857143
MACH-002,2024-06-06 16:00:00,63.72740963855347,2.229888816219754,5.146269412559075,1608.2125603864733,9.000000000001378,85.93749999999994
MACH-002,2024-06-06 17:00:00,65.08283132530053,2.0982668410725887,5.3673193787981095,1629.4685990338194,9.545454545455549,84.73214285714303
MACH-002,2024-06-06 18:00:00,69.600903614457,1.6273708306082346,6.1064314652261995,1620.7729468599032,8.818181818179188,83.52678571428585
MACH-002,2024-06-06 19:00:00,68.47138554216883,1.8546435578809592,4.912305874409182,1642.9951690821274,9.000000000001378,79.50892857142864
MACH-002,2024-06-06 20:00:00,69.03614457831291,1.7769784172661933,5.255654962862929,1619.8067632850248,10.090909090909717,89.15178571428588
MACH-002,2024-06-06 21:00:00,78.41114457831355,1.3322432962720763,4.8826806212018825,1610.6280193236748,9.272727272726396,86.7410714285715
MACH-002,2024-06-06 22:00:00,77.50753012048175,1.7589928057553998,5.8192943956785985,1594.6859903381653,9.090909090908339,87.14285714285712
MACH-002,2024-06-06 23:00:00,69.14909638554172,1.2423152387181084,5.694716407832541,1625.6038647343003,9.000000000001378,80.31249999999991
MACH-002,2024-06-07 00:00:00,69.600903614457,1.470405493786796,5.551147873058749,1624.637681159422,9.363636363637491,90.35714285714278
MACH-002,2024-06-07 01:00:00,74.11897590361473,1.6706998037933207,5.8641120864280865,1620.7729468599032,9.000000000001378,78.30357142857146
MACH-002,2024-06-07 02:00:00,72.76355421686766,1.6568018312622672,5.268568534773804,1650.2415458937205,8.818181818179188,87.54464285714305
MACH-002,2024-06-07 03:00:00,76.03915662650587,2.121975147155011,5.4144159351789245,1612.0772946859922,9.454545454544451,81.91964285714303
MACH-002,2024-06-07 04:00:00,72.1987951807223,2.352517985611513,5.586850101282924,1642.028985507249,9.727272727273604,81.11607142857147
MACH-002,2024-06-07 05:00:00,69.71385542168709,1.6486265533028055,5.595205941931127,1634.2995169082164,9.363636363637491,76.69642857142864
MACH-002,2024-06-07 06:00:00,67.90662650602349,1.7565402223675668,5.444800810263334,1609.1787439613518,9.636363636362509,81.91964285714303
MACH-002,2024-06-07 07:00:00,72.42469879517994,1.958469587965999,5.385550303848751,1602.8985507246368,9.181818181819434,81.91964285714303
MACH-002,2024-06-07 08:00:00,69.14909638554172,1.5881294964028707,5.440243079000678,1598.5507246376842,9.181818181819434,81.11607142857147
MACH-002,2024-06-07 09:00:00,69.03614457831291,1.4548724656638354,5.616475354490207,1605.3140096618383,8.63636363636113,80.71428571428584
MACH-002,2024-06-07 10:00:00,74.79668674698762,2.0549378678875025,5.734976367319373,1612.5603864734314,9.363636363637491,81.91964285714303
MACH-002,2024-06-07 11:00:00,71.97289156626468,1.9502943100065373,4.936613774476699,1608.2125603864733,9.363636363637491,74.68750000000018
MACH-002,2024-06-07 12:00:00,76.26506024096349,1.6003924133420537,5.219193112761644,1615.9420289855111,9.090909090908339,81.51785714285711
MACH-002,2024-06-07 13:00:00,69.26204819277055,1.876716808371493,5.683322079675901,1592.7536231884087,9.272727272726396,81.51785714285711
MACH-002,2024-06-07 14:00:00,75.92620481927706,1.6764224983649494,4.8728055367994605,1606.7632850241557,9.000000000001378,87.94642857142868
MACH-002,2024-06-07 15:00:00,75.02259036144525,2.067200784826686,5.2199527346387535,1584.0579710144925,8.727272727272226,80.71428571428584
MACH-002,2024-06-07 16:00:00,73.21536144578292,1.5178221059516033,5.41669480081027,1593.719806763287,9.454545454544451,83.92857142857149
MACH-002,2024-06-07 17:00:00,68.47138554216883,2.4040222367560418,5.1599426063470615,1589.855072463768,9.727272727273604,82.32142857142867
MACH-002,2024-06-07 18:00:00,72.76355421686766,2.156311314584691,6.357106684672516,1622.222222222226,9.000000000001378,84.73214285714303
MACH-002,2024-06-07 19:00:00,70.84337349397524,1.3085349901896726,5.154625253207296,1592.7536231884087,9.454545454544451,84.73214285714303
MACH-002,2024-06-07 20:00:00,70.61746987951761,1.1286788750817556,5.28224172856179,1634.2995169082164,9.272727272726396,81.51785714285711
MACH-002,2024-06-07 21:00:00,69.37499999999936,1.943754087638983,5.3961850101283,1586.4734299516938,9.545454545455549,75.89285714285708
MACH-002,2024-06-07 22:00:00,68.81024096385528,1.8006867233485973,5.703831870357871,1632.8502415458936,9.090909090908339,75.89285714285708
MACH-002,2024-06-07 23:00:00,66.77710843373404,2.3680510137344735,5.326299797434169,1585.9903381642546,9.272727272726396,83.52678571428585
MACH-002,2024-06-08 00:00:00,74.90963855421643,1.6944081098757429,6.086681296421339,1631.8840579710152,9.545454545455549,75.49107142857144
MACH-002,2024-06-08 01:00:00,69.8268072289159,1.7761608894702492,5.06878798109385,1609.1787439613518,9.363636363637491,86.33928571428586
MACH-002,2024-06-08 02:00:00,65.64759036144589,1.9543819489862588,5.441762322754896,1598.0676328502452,9.454545454544451,77.09821428571428
MACH-002,2024-06-08 03:00:00,78.86295180722882,2.01406147809025,5.059672518568538,1598.5507246376842,9.636363636362509,82.32142857142867
MACH-002,2024-06-08 04:00:00,78.18524096385593,1.9053302812295625,5.766120864280891,1615.4589371980667,8.818181818179188,81.11607142857147
MACH-002,2024-06-08 05:00:00,70.84337349397524,1.9314911706997995,5.573176907494938,1586.4734299516938,9.181818181819434,78.30357142857146
MACH-002,2024-06-08 06:00:00,66.5512048192764,1.9756376716808297,4.912305874409182,1586.4734299516938,9.181818181819434,76.69642857142864
MACH-002,2024-06-08 07:00:00,71.74698795180704,1.94702419882276,4.9951046590141726,1582.1256038647357,9.000000000001378,78.30357142857146
MACH-002,2024-06-08 08:00:00,75.13554216867406,2.372956180510139,5.652937204591492,1615.9420289855111,9.272727272726396,81.91964285714303
MACH-002,2024-06-08 09:00:00,71.85993975903585,1.3837475474166054,5.80865968939905,1555.0724637681142,9.454545454544451,80.71428571428584
MACH-002,2024-06-08 10:00:00,70.50451807228879,1.0085022890778297,5.798784604996628,1592.7536231884087,9.181818181819434,79.91071428571428
MACH-002,2024-06-08 11:00:00,71.29518072289179,1.8816219751471588,6.1337778528021545,1592.7536231884087,9.181818181819434,80.31249999999991
MACH-002,2024-06-08 12:00:00,69.71385542168709,2.0026160889470295,5.216154625253207,1585.5072463768154,9.454545454544451,83.92857142857149
MACH-002,2024-06-08 13:00:00,76.37801204819232,1.9682799215173308,5.5929270762998,1631.400966183576,9.272727272726396,83.12499999999993
MACH-002,2024-06-08 14:00:00,72.76355421686766,1.887344669718769,5.594446320054018,1588.8888888888896,9.636363636362509,81.51785714285711
MACH-002,2024-06-08 15:00:00,74.11897590361473,1.6069326357096085,5.224510465901409,1600.9661835748802,9.090909090908339,75.89285714285708
MACH-002,2024-06-08 16:00:00,72.53765060241004,1.7009483322432977,5.763841998649563,1607.7294685990341,9.272727272726396,85.13392857142867
MACH-002,2024-06-08 17:00:00,72.87650602409649,1.794964028776987,5.371877110060765,1628.9855072463802,9.454545454544451,77.09821428571428
MACH-002,2024-06-08 18:00:00,73.780120481927,2.073741007194241,5.6818028359216814,1592.2705314009695,9.272727272726396,71.47321428571425
MACH-002,2024-06-08 19:00:00,72.65060240963885,1.6044800523217755,5.29515530047265,1593.719806763287,9.181818181819434,79.10714285714302
MACH-002,2024-06-08 20:00:00,74.57078313252998,2.336984957488552,5.52076299797434,1610.6280193236748,9.909090909091661,73.08035714285707
MACH-002,2024-06-08 21:00:00,69.03614457831291,1.7123937213865181,5.290597569209994,1614.4927536231883,9.181818181819434,83.12499999999993
MACH-002,2024-06-08 22:00:00,73.32831325301174,1.7573577501635111,5.8504388926401,1582.608695652175,9.181818181819434,73.08035714285707
MACH-002,2024-06-08 23:00:00,75.70030120481943,1.6371811641595853,5.815496286293052,1617.3913043478287,9.636363636362509,84.33035714285712
MACH-002,2024-06-09 00:00:00,73.780120481927,1.6952256376716877,5.965901417960845,1648.309178743964,9.272727272726396,75.08928571428581
MACH-002,2024-06-09 01:00:00,76.37801204819232,1.3216154349247815,5.888419986495603,1626.0869565217395,9.090909090908339,84.73214285714303
MACH-002,2024-06-09 02:00:00,77.959337349397,1.4336167429692646,5.678764348413227,1620.7729468599032,9.363636363637491,75.08928571428581
MACH-002,2024-06-09 03:00:00,76.71686746988004,1.958469587965999,5.92108372721134,1567.6328502415492,9.636363636362509,73.48214285714299
MACH-002,2024-06-09 04:00:00,76.15210843373468,1.475310660562462,5.554945982444297,1613.0434782608706,9.545454545455549,79.10714285714302
MACH-002,2024-06-09 05:00:00,78.07228915662583,1.521909744931325,5.58305199189736,1601.9323671497586,9.181818181819434,77.09821428571428
MACH-002,2024-06-09 06:00:00,74.34487951807236,2.254414650098102,5.783592167454424,1619.8067632850248,9.454545454544451,85.93749999999994
MACH-002,2024-06-09 07:00:00,71.52108433734941,1.6077501635055527,5.928679945982451,1572.463768115941,9.272727272726396,77.90178571428582
MACH-002,2024-06-09 08:00:00,70.95632530120406,2.045945062132115,5.657494935854148,1556.5217391304373,9.181818181819434,74.28571428571426
MACH-002,2024-06-09 09:00:00,70.39156626505998,1.9094179202092842,5.3171843349088395,1578.2608695652168,9.727272727273604,81.91964285714303
MACH-002,2024-06-09 10:00:00,81.34789156626532,2.24460431654677,5.700793382849433,1593.719806763287,9.363636363637491,66.25000000000014
MACH-002,2024-06-09 11:00:00,82.92921686747002,2.1767495094833174,6.121623902768404,1562.801932367152,9.000000000001378,81.11607142857147
MACH-002,2024-06-09 12:00:00,76.15210843373468,2.163669064748208,6.000844024307893,1615.4589371980667,10.272727272727774,76.69642857142864
MACH-002,2024-06-09 13:00:00,75.13554216867406,1.9388489208633168,5.598244429439565,1603.8647342995207,9.545454545455549,79.50892857142864
MACH-002,2024-06-09 14:00:00,82.59036144578357,2.5544473512099444,5.569378798109391,1597.584541062806,9.363636363637491,88.34821428571432
MACH-002,2024-06-09 15:00:00,73.8930722891571,1.8186723348593907,6.0616137744767125,1603.381642512076,9.727272727273604,74.28571428571426
MACH-002,2024-06-09 16:00:00,77.28162650602411,2.0279594506213217,5.825371370695474,1558.4541062801939,9.636363636362509,76.294642857143
MACH-002,2024-06-09 17:00:00,72.42469879517994,2.50539568345323,5.418214044564489,1612.5603864734314,9.272727272726396,76.294642857143
MACH-002,2024-06-09 18:00:00,75.24849397590287,2.006703727926751,6.010719108710332,1607.246376811595,10.181818181816679,75.89285714285708
MACH-002,2024-06-09 19:00:00,68.35843373494002,2.2969260954872435,6.133018230925044,1561.8357487922735,9.363636363637491,70.66964285714297
MACH-002,2024-06-09 20:00:00,74.11897590361473,2.2004578155657213,5.652937204591492,1597.584541062806,9.090909090908339,76.69642857142864
MACH-002,2024-06-09 21:00:00,76.26506024096349,1.7712557226945647,6.040344361917615,1543.9613526570074,9.545454545455549,77.09821428571428
MACH-002,2024-06-09 22:00:00,74.6837349397588,1.9012426422498412,6.194547602970973,1593.719806763287,9.181818181819434,84.33035714285712
MACH-002,2024-06-09 23:00:00,77.1686746987953,2.13505559189012,5.571657663740719,1555.0724637681142,9.363636363637491,78.30357142857146
MACH-002,2024-06-10 00:00:00,75.70030120481943,2.073741007194241,5.950708980418641,1556.5217391304373,9.363636363637491,73.48214285714299
MACH-002,2024-06-10 01:00:00,71.97289156626468,2.125245258338788,6.047180958811617,1584.0579710144925,9.727272727273604,76.69642857142864
MACH-002,2024-06-10 02:00:00,78.86295180722882,1.5235448005232135,5.11968264686023,1576.32850241546,9.818181818180566,73.48214285714299
MACH-002,2024-06-10 03:00:00,77.959337349397,1.6126553302812372,6.049459824442945,1526.5700483091805,9.636363636362509,74.68750000000018
MACH-002,2024-06-10 04:00:00,75.02259036144525,1.781066056245915,5.8367656988521315,1567.6328502415492,10.090909090909717,73.48214285714299
MACH-002,2024-06-10 05:00:00,73.32831325301174,2.429365598430353,5.90892977717759,1602.4154589371979,9.727272727273604,71.47321428571425
MACH-002,2024-06-10 06:00:00,73.32831325301174,1.9004251144538966,5.516205266711684,1593.719806763287,9.727272727273604,74.28571428571426
MACH-002,2024-06-10 07:00:00,79.87951807228944,2.16775670372793,6.231769074949367,1588.4057971014504,9.727272727273604,71.07142857142861
MACH-002,2024-06-10 08:00:00,74.11897590361473,1.5153695225637707,6.007680621201895,1552.6570048309181,9.636363636362509,72.67857142857144
MACH-002,2024-06-10 09:00:00,83.60692771084291,1.6502616088946942,5.953747467927078,1562.801932367152,9.818181818180566,73.48214285714299
MACH-002,2024-06-10 10:00:00,79.20180722891526,2.2699476782210626,6.313048615800138,1556.5217391304373,9.999999999998622,71.47321428571425
MACH-002,2024-06-10 11:00:00,78.86295180722882,2.2560497056899904,6.3290006752194525,1565.7004830917872,9.090909090908339,65.44642857142858
MACH-002,2024-06-10 12:00:00,78.75,2.9296926095487206,5.855756245779883,1548.30917874396,9.727272727273604,72.27678571428581
MACH-002,2024-06-10 13:00:00,81.23493975903651,1.769620667102676,5.97197839297772,1589.3719806763288,9.999999999998622,75.08928571428581
MACH-002,2024-06-10 14:00:00,82.02560240963821,2.113799869195549,6.234047940580695,1579.227053140095,9.818181818180566,73.08035714285707
MACH-002,2024-06-10 15:00:00,80.89608433734877,2.5789731850882927,5.825371370695474,1596.135265700483,9.454545454544451,69.06250000000016
MACH-002,2024-06-10 16:00:00,78.63704819277119,2.251962066710269,6.459655638082385,1560.3864734299507,10.090909090909717,64.2410714285714
MACH-002,2024-06-10 17:00:00,76.60391566264994,2.0982668410725887,6.098075624577979,1598.5507246376842,9.999999999998622,67.05357142857142
MACH-002,2024-06-10 18:00:00,82.8162650602412,2.9509483322432914,6.024392302498319,1573.9130434782642,9.363636363637491,75.49107142857144
MACH-002,2024-06-10 19:00:00,77.959337349397,1.8423806409417947,6.138335584064828,1587.4396135265722,9.909090909091661,67.45535714285732
MACH-002,2024-06-10 20:00:00,76.49096385542113,2.2813930673642826,5.870948683322087,1569.0821256038669,9.909090909091661,75.49107142857144
MACH-002,2024-06-10 21:00:00,72.53765060241004,2.3631458469587887,5.932478055367998,1552.1739130434792,10.090909090909717,67.85714285714297
MACH-002,2024-06-10 22:00:00,76.60391566264994,2.35006540222368,6.3138082376772475,1572.9468599033803,9.727272727273604,66.25000000000014
MACH-002,2024-06-10 23:00:00,80.10542168674706,2.359058207979067,5.703831870357871,1533.3333333333346,10.090909090909717,68.2589285714286
MACH-002,2024-06-11 00:00:00,79.99246987951825,2.0770111183780178,6.234047940580695,1577.7777777777776,9.909090909091661,71.47321428571425
MACH-002,2024-06-11 01:00:00,79.76656626506062,2.838947024198827,6.361664415935172,1575.8454106280208,9.545454545455549,67.45535714285732
MACH-002,2024-06-11 02:00:00,85.75301204819296,1.942119032047094,6.265192437542196,1567.1497584541046,9.999999999998622,70.66964285714297
MACH-002,2024-06-11 03:00:00,76.03915662650587,2.421190320470891,5.836006076975022,1524.1545893719792,9.999999999998622,59.82142857142856
MACH-002,2024-06-11 04:00:00,80.3313253012047,2.7171353826030122,6.158085752869688,1577.2946859903384,10.272727272727774,68.66071428571423
MACH-002,2024-06-11 05:00:00,81.79969879518057,2.2993786788750765,6.849341661039837,1541.5458937198061,9.909090909091661,67.85714285714297
MACH-002,2024-06-11 06:00:00,81.68674698795176,2.8381294964028827,6.3912896691424725,1551.2077294686007,9.909090909091661,73.08035714285707
MACH-002,2024-06-11 07:00:00,77.1686746987953,2.734303466317843,6.676907494935854,1554.589371980675,10.090909090909717,60.625000000000114
MACH-002,2024-06-11 08:00:00,75.81325301204824,2.8438521909744927,5.845121539500335,1560.8695652173897,9.909090909091661,67.45535714285732
MACH-002,2024-06-11 09:00:00,81.79969879518057,2.757194244604321,6.7407157326130935,1521.256038647344,10.363636363634736,65.84821428571422
MACH-002,2024-06-11 10:00:00,88.91566265060234,2.352517985611513,6.009959486833223,1555.5555555555588,10.090909090909717,72.27678571428581
MACH-002,2024-06-11 11:00:00,80.67018072289113,2.3754087638979717,6.215057393652943,1538.164251207732,9.727272727273604,71.87500000000017
MACH-002,2024-06-11 12:00:00,78.86295180722882,2.5397318508829283,6.3388757596218746,1536.7149758454088,10.090909090909717,65.44642857142858
MACH-002,2024-06-11 13:00:00,76.82981927710887,2.1260627861347325,6.719446320054013,1540.0966183574885,10.272727272727774,63.839285714285765
MACH-002,2024-06-11 14:00:00,78.52409638554238,2.028776978417266,6.882765023632683,1531.4009661835778,9.999999999998622,65.04464285714295
MACH-002,2024-06-11 15:00:00,78.86295180722882,2.965663832570308,6.378376097231596,1526.0869565217413,9.818181818180566,65.84821428571422
MACH-002,2024-06-11 16:00:00,80.89608433734877,2.819326357096145,6.656397704253884,1528.9855072463765,9.636363636362509,63.839285714285765
MACH-002,2024-06-11 17:00:00,89.14156626505998,2.848757357750159,6.806043214044568,1482.6086956521713,10.45454545454583,67.45535714285732
MACH-002,2024-06-11 18:00:00,81.91265060240939,2.7269457161543444,6.514348413234294,1552.1739130434792,10.363636363634736,62.23214285714294
MACH-002,2024-06-11 19:00:00,74.23192771084354,2.759646827992154,6.761985145172173,1504.3478260869563,10.363636363634736,57.008928571428555
MACH-002,2024-06-11 20:00:00,78.29819277108474,2.613309352517991,7.071910871033089,1528.5024154589373,9.909090909091661,65.84821428571422
MACH-002,2024-06-11 21:00:00,80.3313253012047,2.5757030739045153,6.572839297771767,1555.5555555555588,10.181818181816679,66.25000000000014
MACH-002,2024-06-11 22:00:00,83.71987951807172,2.367233485938529,7.137238352464547,1503.3816425120779,10.272727272727774,55.80357142857136
MACH-002,2024-06-11 23:00:00,85.64006024096415,2.7244931327665114,6.315327481431466,1564.7342995169088,10.272727272727774,67.05357142857142
MACH-002,2024-06-12 00:00:00,79.31475903614408,2.771909744931319,6.978477380148551,1536.7149758454088,9.999999999998622,63.03571428571421
MACH-002,2024-06-12 01:00:00,80.89608433734877,2.309189012426427,7.394750168804865,1513.0434782608725,10.181818181816679,52.99107142857136
MACH-002,2024-06-12 02:00:00,79.42771084337289,2.848757357750159,6.948852126941251,1538.164251207732,9.909090909091661,67.45535714285732
MACH-002,2024-06-12 03:00:00,77.73343373493938,2.6754414650098153,6.611580013504397,1531.884057971017,9.999999999998622,57.41071428571448
MACH-002,2024-06-12 04:00:00,79.540662650603,2.336984957488552,6.822754895340992,1504.8309178743955,10.45454545454583,56.20535714285728
MACH-002,2024-06-12 05:00:00,88.01204819277183,2.3770438194898604,6.861495611073604,1518.8405797101427,9.727272727273604,52.58928571428572
MACH-002,2024-06-12 06:00:00,80.78313253011996,1.9110529758011727,6.7308406482106715,1552.6570048309181,10.181818181816679,61.02678571428576
MACH-002,2024-06-12 07:00:00,82.02560240963821,2.239699149771085,7.081785955435512,1542.9951690821235,10.727272727270847,57.41071428571448
MACH-002,2024-06-12 08:00:00,85.52710843373532,3.6932635709614003,7.207883187035788,1512.0772946859886,10.545454545452792,50.9821428571429
MACH-002,2024-06-12 09:00:00,80.55722891566234,2.3345323741007196,6.8880823767724495,1525.603864734302,10.545454545452792,67.45535714285732
MACH-002,2024-06-12 10:00:00,81.79969879518057,2.175931981687373,7.060516542876432,1496.1352657004848,9.818181818180566,60.2232142857142
MACH-002,2024-06-12 11:00:00,79.76656626506062,3.0498691955526467,7.028612424037803,1533.3333333333346,9.909090909091661,61.83035714285731
MACH-002,2024-06-12 12:00:00,81.34789156626532,3.0743950294309945,6.837947332883179,1508.6956521739144,10.363636363634736,55.40178571428573
MACH-002,2024-06-12 13:00:00,81.46084337349413,2.419555264879002,6.809081701553005,1469.0821256038632,10.727272727270847,50.178571428571345
MACH-002,2024-06-12 14:00:00,81.57379518072295,3.2207325049051576,7.191931127616473,1491.7874396135267,10.727272727270847,52.18750000000008
MACH-002,2024-06-12 15:00:00,90.04518072289179,3.4749836494440816,7.251941255908165,1490.8212560386482,10.909090909088905,48.16964285714289
MACH-002,2024-06-12 16:00:00,83.26807228915646,2.869195552648786,7.376519243754222,1525.120772946863,10.909090909088905,55.40178571428573
MACH-002,2024-06-12 17:00:00,88.23795180722945,2.7759973839110588,6.757427413909516,1526.5700483091805,10.272727272727774,58.616071428571374
MACH-002,2024-06-12 18:00:00,82.25150602409585,2.7841726618705023,7.4623565158676515,1467.6328502415456,10.727272727270847,50.9821428571429
MACH-002,2024-06-12 19:00:00,87.78614457831291,2.483322432962715,7.004304523970287,1497.1014492753632,10.818181818181944,52.99107142857136
MACH-002,2024-06-12 20:00:00,89.48042168674772,3.313930673642903,7.601367319378804,1476.3285024154563,10.363636363634736,54.59821428571446
MACH-002,2024-06-12 21:00:00,90.49698795180704,2.9877370830608228,7.230671843349086,1525.603864734302,10.909090909088905,52.58928571428572
MACH-002,2024-06-12 22:00:00,85.18825301204888,2.6721713538260192,7.146353814989877,1479.227053140097,10.636363636363887,54.19642857142854
MACH-002,2024-06-12 23:00:00,87.44728915662647,2.4424460431654618,7.395509790681974,1463.2850241545875,10.636363636363887,48.57142857142852
MACH-002,2024-06-13 00:00:00,87.33433734939766,2.3942119032047096,7.087103308575294,1496.1352657004848,11.090909090906962,48.97321428571444
MACH-002,2024-06-13 01:00:00,86.99548192771121,2.7244931327665114,7.198767724510458,1476.811594202901,10.545454545452792,46.964285714285694
MACH-002,2024-06-13 02:00:00,90.83584337349477,2.7498364944408036,7.389432815665082,1517.8743961352643,11.0,42.9464285714285
MACH-002,2024-06-13 03:00:00,89.02861445783117,3.033518639633742,7.602126941255913,1477.7777777777794,10.363636363634736,45.357142857142875
MACH-002,2024-06-13 04:00:00,90.49698795180704,2.9779267495094723,7.630232950708978,1501.9323671497605,10.909090909088905,46.562500000000064
MACH-002,2024-06-13 05:00:00,87.78614457831291,2.6092217135382514,7.716070222822422,1448.3091787439619,10.727272727270847,42.9464285714285
MACH-002,2024-06-13 06:00:00,85.18825301204888,3.1643230869849623,7.5945307224848015,1485.0241545893725,10.545454545452792,48.16964285714289
MACH-002,2024-06-13 07:00:00,89.81927710843415,3.562459123610198,7.691002700877778,1487.4396135265686,10.727272727270847,48.97321428571444
MACH-003,2024-06-01 09:00:00,69.37499999999936,1.5758665794637057,5.206279540850785,1598.5507246376842,9.454545454544451,88.34821428571432
MACH-003,2024-06-01 10:00:00,76.37801204819232,1.8080444735120962,5.243501012829161,1637.1980676328517,9.363636363637491,79.91071428571428
MACH-003,2024-06-01 11:00:00,69.71385542168709,1.2938194898626563,5.4318872383524575,1625.120772946861,9.181818181819434,96.38392857142873
MACH-003,2024-06-01 12:00:00,74.57078313252998,1.2423152387181084,5.026249155975691,1623.6714975845437,9.545454545455549,76.294642857143
MACH-003,2024-06-01 13:00:00,68.58433734939766,1.3534990189666471,4.896353814989868,1607.246376811595,9.000000000001378,87.54464285714305
MACH-003,2024-06-01 14:00:00,76.26506024096349,1.3355134074558537,5.1948852126941265,1642.028985507249,9.636363636362509,89.15178571428588
MACH-003,2024-06-01 15:00:00,75.92620481927706,1.5333551340745641,5.785871033085752,1614.4927536231883,9.454545454544451,83.52678571428585
MACH-003,2024-06-01 16:00:00,71.52108433734941,1.363309352517979,5.489618501012821,1605.7971014492775,8.909090909090283,88.74999999999996
MACH-003,2024-06-01 17:00:00,75.70030120481943,1.31752779594506,5.219193112761644,1629.9516908212586,8.818181818179188,87.54464285714305
MACH-003,2024-06-01 18:00:00,77.05572289156649,1.4123610202746937,5.353646185010123,1614.009661835749,8.909090909090283,85.13392857142867
MACH-003,2024-06-01 19:00:00,68.24548192771121,2.1669391759319856,5.393146522619845,1642.9951690821274,9.181818181819434,77.90178571428582
MACH-003,2024-06-01 20:00:00,75.81325301204824,1.5529758011772463,5.722822417285623,1573.9130434782642,9.454545454544451,87.14285714285712
MACH-003,2024-06-01 21:00:00,76.03915662650587,1.4982014388489213,5.615715732613097,1660.8695652173933,9.181818181819434,83.92857142857149
MACH-003,2024-06-01 22:00:00,70.73042168674642,2.134238064094176,5.071066846725179,1615.4589371980667,9.090909090908339,83.12499999999993
MACH-003,2024-06-01 23:00:00,67.00301204819296,1.6649771092217105,5.254895340985819,1617.874396135268,9.363636363637491,87.94642857142868
MACH-003,2024-06-02 00:00:00,76.26506024096349,1.9723675604970523,4.752025658338967,1608.6956521739125,9.363636363637491,83.52678571428585
MACH-003,2024-06-02 01:00:00,77.73343373493938,1.963374754741665,5.026249155975691,1587.9227053140114,8.909090909090283,79.91071428571428
MACH-003,2024-06-02 02:00:00,71.85993975903585,1.5889470241988148,5.523041863605668,1625.6038647343003,8.909090909090283,78.7053571428571
MACH-003,2024-06-02 03:00:00,69.48795180722817,1.2872792674951017,5.56254220121539,1600.0000000000018,9.181818181819434,84.73214285714303
MACH-003,2024-06-02 04:00:00,71.74698795180704,1.2921844342707676,4.93585415259959,1626.5700483091787,9.454545454544451,89.95535714285714
MACH-003,2024-06-02 05:00:00,70.95632530120406,1.7867887508175253,5.259453072248475,1615.9420289855111,9.090909090908339,83.12499999999993
MACH-003,2024-06-02 06:00:00,72.76355421686766,2.0132439502943056,5.749409182984468,1634.7826086956557,9.454545454544451,81.91964285714303
MACH-003,2024-06-02 07:00:00,69.71385542168709,1.6576193590582116,5.013335584064815,1602.4154589371979,8.818181818179188,89.15178571428588
MACH-003,2024-06-02 08:00:00,71.63403614457823,1.6478090255068614,5.023970290344363,1631.8840579710152,9.363636363637491,83.52678571428585
MACH-003,2024-06-02 09:00:00,71.63403614457823,1.1834532374100806,4.659351789331538,1610.6280193236748,9.363636363637491,87.14285714285712
MACH-003,2024-06-02 10:00:00,64.51807228915645,1.7982341399607642,5.4721471978393055,1595.6521739130437,9.272727272726396,82.72321428571429
MACH-003,2024-06-02 11:00:00,72.9894578313253,1.3821124918247167,5.412896691424706,1632.8502415458936,9.181818181819434,87.14285714285712
MACH-003,2024-06-02 12:00:00,63.049698795180575,2.0982668410725887,5.399983119513847,1576.8115942028992,9.272727272726396,85.13392857142867
MACH-003,2024-06-02 13:00:00,69.03614457831291,1.6175604970569029,5.04827819041188,1645.8937198067679,9.181818181819434,84.33035714285712
MACH-003,2024-06-02 14:00:00,71.29518072289179,1.6371811641595853,5.204000675219439,1602.8985507246368,9.000000000001378,84.73214285714303
MACH-003,2024-06-02 15:00:00,72.65060240963885,1.942119032047094,4.888757596218774,1555.0724637681142,9.272727272726396,80.71428571428584
MACH-003,2024-06-02 16:00:00,75.13554216867406,1.5349901896664528,5.392386900742736,1615.9420289855111,9.272727272726396,81.91964285714303
MACH-003,2024-06-02 17:00:00,66.89006024096415,1.5227272727272694,5.646860229574616,1613.5265700483098,8.909090909090283,81.51785714285711
MACH-003,2024-06-02 18:00:00,78.29819277108474,1.5734139960758728,5.156144496961515,1620.7729468599032,9.000000000001378,85.93749999999994
MACH-003,2024-06-02 19:00:00,69.8268072289159,1.606115107913664,5.114365293720464,1605.3140096618383,9.272727272726396,83.52678571428585
MACH-003,2024-06-02 20:00:00,69.600903614457,1.3109875735775054,5.281482106684664,1605.7971014492775,9.363636363637491,80.71428571428584
MACH-003,2024-06-02 21:00:00,65.30873493975817,1.4744931327665176,5.093855503038494,1662.318840579711,9.090909090908339,87.14285714285712
MACH-003,2024-06-02 22:00:00,65.7605421686747,1.0681818181818203,5.487339635381494,1605.7971014492775,9.727272727273604,76.294642857143
MACH-003,2024-06-02 23:00:00,68.24548192771121,1.2668410725964752,5.409098582039158,1609.1787439613518,9.363636363637491,89.95535714285714
MACH-003,2024-06-03 00:00:00,68.58433734939766,1.1818181818181919,5.594446320054018,1588.4057971014504,9.181818181819434,90.35714285714278
MACH-003,2024-06-03 01:00:00,77.84638554216819,1.7540876389797342,4.962440918298452,1633.3333333333328,9.090909090908339,81.11607142857147
MACH-003,2024-06-03 02:00:00,75.81325301204824,1.7434597776324394,5.6893990546927755,1615.4589371980667,8.63636363636113,81.51785714285711
MACH-003,2024-06-03 03:00:00,75.47439759036179,1.8783518639633816,5.463031735313976,1609.1787439613518,8.909090909090283,79.91071428571428
MACH-003,2024-06-03 04:00:00,71.29518072289179,1.7908763897972468,5.0049797434166114,1622.222222222226,8.909090909090283,87.14285714285712
MACH-003,2024-06-03 05:00:00,70.61746987951761,1.4769457161543504,5.221471978392972,1621.2560386473422,9.272727272726396,91.56249999999997
MACH-003,2024-06-03 06:00:00,73.66716867469819,2.0704708960104634,5.466070222822413,1600.483091787441,9.363636363637491,78.7053571428571
MACH-003,2024-06-03 07:00:00,71.85993975903585,1.8497383911052934,4.991306549628626,1640.0966183574922,9.272727272726396,82.32142857142867
MACH-003,2024-06-03 08:00:00,69.03614457831291,1.8219424460431681,4.812035786630659,1620.289855072464,9.363636363637491,81.11607142857147
MACH-003,2024-06-03 09:00:00,70.73042168674642,1.5210922171353807,5.052835921674537,1614.009661835749,9.181818181819434,80.71428571428584
MACH-003,2024-06-03 10:00:00,74.6837349397588,1.7361020274689405,5.548869007427421,1594.202898550726,9.181818181819434,83.12499999999993
MACH-003,2024-06-03 11:00:00,73.32831325301174,2.2266187050359765,5.42808912896691,1607.7294685990341,8.363636363636113,88.34821428571432
MACH-003,2024-06-03 12:00:00,72.1987951807223,1.4499672988881693,5.727380148548279,1619.3236714975856,8.818181818179188,79.50892857142864
MACH-003,2024-06-03 13:00:00,69.14909638554172,1.889797253106602,5.331617150573934,1626.5700483091787,9.454545454544451,85.5357142857143
MACH-003,2024-06-03 14:00:00,69.26204819277055,1.6952256376716877,5.883102633355838,1614.009661835749,9.272727272726396,75.89285714285708
MACH-003,2024-06-03 15:00:00,73.55421686746936,2.393394375408766,5.278443619176226,1616.9082125603895,9.181818181819434,85.13392857142867
MACH-003,2024-06-03 16:00:00,77.1686746987953,1.7295618051013673,5.649898717083054,1623.1884057971045,9.545454545455549,88.34821428571432
MACH-003,2024-06-03 17:00:00,75.24849397590287,1.3935578809679559,5.238183659689396,1600.0000000000018,9.454545454544451,82.72321428571429
MACH-003,2024-06-03 18:00:00,74.79668674698762,1.3396010464355752,5.651417960837272,1580.1932367149789,9.454545454544451,79.91071428571428
MACH-003,2024-06-03 19:00:00,72.42469879517994,1.8423806409417947,5.162981093855499,1594.6859903381653,9.181818181819434,85.13392857142867
MACH-003,2024-06-03 20:00:00,66.66415662650523,1.7900588620013025,5.778274814314658,1568.5990338164277,9.363636363637491,75.08928571428581
MACH-003,2024-06-03 21:00:00,74.57078313252998,1.6821451929365598,4.767218095881154,1600.9661835748802,9.545454545455549,83.52678571428585
MACH-003,2024-06-03 22:00:00,70.95632530120406,2.172661870503596,5.619513841998645,1584.5410628019315,9.545454545455549,82.72321428571429
MACH-003,2024-06-03 23:00:00,70.05271084337353,1.5120994113799933,5.270847400405133,1629.9516908212586,9.545454545455549,83.12499999999993
MACH-003,2024-06-04 00:00:00,74.90963855421643,2.0533028122956143,5.703831870357871,1595.6521739130437,9.272727272726396,84.33035714285712
MACH-003,2024-06-04 01:00:00,65.42168674698826,1.740189666448662,5.400742741390956,1630.9178743961368,9.181818181819434,82.32142857142867
MACH-003,2024-06-04 02:00:00,71.74698795180704,1.0052321778940523,5.188808237677252,1590.3381642512072,9.000000000001378,81.51785714285711
MACH-003,2024-06-04 03:00:00,68.9231927710841,1.6044800523217755,5.642302498311943,1592.7536231884087,9.818181818180566,82.32142857142867
MACH-003,2024-06-04 04:00:00,79.540662650603,1.826847612818834,5.376434841323421,1621.2560386473422,9.272727272726396,81.51785714285711
MACH-003,2024-06-04 05:00:00,69.48795180722817,1.3902877697841787,5.667370020256587,1655.555555555557,9.363636363637491,84.33035714285712
MACH-003,2024-06-04 06:00:00,75.02259036144525,1.8064094179202073,5.1272788656313235,1590.8212560386464,8.818181818179188,76.294642857143
MACH-003,2024-06-04 07:00:00,79.08885542168645,1.184270765206025,5.438723835246459,1628.9855072463802,9.818181818180566,76.69642857142864
MACH-003,2024-06-04 08:00:00,71.74698795180704,2.067200784826686,4.578072248480749,1612.5603864734314,9.454545454544451,74.68750000000018
MACH-003,2024-06-04 09:00:00,73.66716867469819,1.6420863309352511,5.352886563133014,1615.4589371980667,9.545454545455549,84.73214285714303
MACH-003,2024-06-04 10:00:00,77.39457831325294,2.020601700457823,5.785871033085752,1619.8067632850248,9.181818181819434,88.34821428571432
MACH-003,2024-06-04 11:00:00,71.74698795180704,2.232341399607587,5.878544902093181,1587.4396135265722,9.363636363637491,83.92857142857149
MACH-003,2024-06-04 12:00:00,74.79668674698762,1.9968933943754004,5.753966914247124,1596.135265700483,8.909090909090283,79.91071428571428
MACH-003,2024-06-04 13:00:00,79.99246987951825,1.5701438848920954,5.803342336259285,1604.34782608696,9.090909090908339,87.54464285714305
MACH-003,2024-06-04 14:00:00,73.780120481927,1.1932635709614123,5.388588791357189,1582.1256038647357,9.454545454544451,78.7053571428571
MACH-003,2024-06-04 15:00:00,72.42469879517994,1.4287115761935987,5.61343686698177,1581.1594202898573,9.181818181819434,82.72321428571429
MACH-003,2024-06-04 16:00:00,65.98644578313234,1.3101700457815613,5.756245779878451,1562.3188405797127,9.181818181819434,80.31249999999991
MACH-003,2024-06-04 17:00:00,75.13554216867406,1.3739372138652737,5.5496286293045305,1594.6859903381653,9.818181818180566,75.49107142857144
MACH-003,2024-06-04 18:00:00,71.63403614457823,1.5341726618705085,5.378713706954767,1585.9903381642546,9.363636363637491,85.13392857142867
MACH-003,2024-06-04 19:00:00,71.97289156626468,2.156311314584691,5.251856853477381,1590.3381642512072,8.909090909090283,73.48214285714299
MACH-003,2024-06-04 20:00:00,70.95632530120406,2.3214519293655913,5.395425388251173,1600.9661835748802,9.181818181819434,73.48214285714299
MACH-003,2024-06-04 21:00:00,68.35843373494002,1.8162197514715577,6.420155300472645,1604.8309178743991,9.000000000001378,83.92857142857149
MACH-003,2024-06-04 22:00:00,76.71686746988004,1.7303793328973116,5.425050641458473,1592.2705314009695,8.818181818179188,79.10714285714302
MACH-003,2024-06-04 23:00:00,72.53765060241004,1.9069653368214514,5.513166779203246,1605.7971014492775,9.000000000001378,81.11607142857147
MACH-003,2024-06-05 00:00:00,71.97289156626468,1.7148463047743696,5.355165428764343,1580.676328502418,9.090909090908339,80.71428571428584
MACH-003,2024-06-05 01:00:00,72.65060240963885,1.4197187704381926,5.66281228899393,1649.275362318842,9.363636363637491,78.30357142857146
MACH-003,2024-06-05 02:00:00,72.9894578313253,2.690974493132757,5.823852126941254,1628.502415458941,9.454545454544451,77.90178571428582
MACH-003,2024-06-05 03:00:00,68.81024096385528,1.4622302158273341,5.310347738014855,1586.956521739133,9.181818181819434,78.7053571428571
MACH-003,2024-06-05 04:00:00,72.1987951807223,2.055755395683447,5.368838622552328,1576.32850241546,8.818181818179188,78.30357142857146
MACH-003,2024-06-05 05:00:00,70.05271084337353,2.3492478744277356,6.047940580688726,1592.2705314009695,8.818181818179188,76.69642857142864
MACH-003,2024-06-05 06:00:00,75.47439759036179,1.9601046435578877,5.430367994598239,1637.1980676328517,8.909090909090283,74.68750000000018
MACH-003,2024-06-05 07:00:00,73.10240963855411,1.6976782210595203,5.813977042538832,1620.289855072464,9.727272727273604,81.11607142857147
MACH-003,2024-06-05 08:00:00,78.97590361445762,1.466317854807056,5.395425388251173,1604.34782608696,8.909090909090283,81.51785714285711
MACH-003,2024-06-05 09:00:00,79.540662650603,1.846468279921516,5.959824442943953,1606.7632850241557,9.363636363637491,77.50000000000018
MACH-003,2024-06-05 10:00:00,73.44126506024055,1.7385546108567733,5.623311951384191,1593.236714975848,9.181818181819434,79.91071428571428
MACH-003,2024-06-05 11:00:00,76.49096385542113,2.0026160889470295,5.251097231600272,1591.7874396135303,8.909090909090283,79.10714285714302
MACH-003,2024-06-05 12:00:00,72.1987951807223,1.230869849574888,5.664331532748149,1645.8937198067679,9.000000000001378,81.91964285714303
MACH-003,2024-06-05 13:00:00,71.63403614457823,1.8677240026160868,5.769918973666438,1616.9082125603895,9.181818181819434,77.09821428571428
MACH-003,2024-06-05 14:00:00,76.03915662650587,1.1793655984303406,6.019834571235645,1594.202898550726,9.272727272726396,78.30357142857146
MACH-003,2024-06-05 15:00:00,72.08584337349349,1.6919555264878916,4.998902768399737,1570.5314009661843,9.363636363637491,74.68750000000018
MACH-003,2024-06-05 16:00:00,74.11897590361473,1.7835186396337481,5.60432140445644,1630.9178743961368,9.363636363637491,76.294642857143
MACH-003,2024-06-05 17:00:00,67.22891566265059,2.2045454545454612,5.175894665766375,1585.5072463768154,9.636363636362509,81.11607142857147
MACH-003,2024-06-05 18:00:00,74.6837349397588,1.7589928057553998,5.775236326806203,1615.4589371980667,9.272727272726396,81.11607142857147
MACH-003,2024-06-05 19:00:00,72.9894578313253,1.8015042511445414,6.158845374746798,1579.71014492754,9.545454545455549,75.89285714285708
MACH-003,2024-06-05 20:00:00,79.99246987951825,1.5014715500326985,5.7995442268737385,1577.2946859903384,9.636363636362509,83.92857142857149
MACH-003,2024-06-05 21:00:00,74.34487951807236,1.9036952256376742,5.558744091829843,1644.4444444444448,9.363636363637491,81.11607142857147
MACH-003,2024-06-05 22:00:00,79.31475903614408,2.247056899934603,5.586850101282924,1607.7294685990341,9.272727272726396,77.50000000000018
MACH-003,2024-06-05 23:00:00,71.74698795180704,1.545618051013729,5.4797434166103995,1587.9227053140114,9.272727272726396,77.50000000000018
MACH-003,2024-06-06 00:00:00,76.26506024096349,1.5709614126880398,5.394665766374064,1583.091787439614,9.181818181819434,77.50000000000018
MACH-003,2024-06-06 01:00:00,74.57078313252998,2.110529758011772,5.995526671168128,1600.483091787441,9.363636363637491,77.50000000000018
MACH-003,2024-06-06 02:00:00,74.11897590361473,1.9192282537606344,5.9415935178933115,1602.4154589371979,9.272727272726396,86.7410714285715
MACH-003,2024-06-06 03:00:00,71.4081325301206,1.965827338129498,5.390867656988517,1578.2608695652168,9.090909090908339,72.67857142857144
MACH-003,2024-06-06 04:00:00,75.92620481927706,2.1775670372792617,5.943872383524639,1578.2608695652168,9.454545454544451,79.50892857142864
MACH-003,2024-06-06 05:00:00,77.50753012048175,1.8652714192282538,5.521522619851449,1592.7536231884087,9.363636363637491,74.68750000000018
MACH-003,2024-06-06 06:00:00,71.85993975903585,2.0541203400915586,5.996286293045237,1577.2946859903384,9.181818181819434,76.294642857143
MACH-003,2024-06-06 07:00:00,68.9231927710841,1.894702419882268,5.213116137744769,1574.8792270531426,9.363636363637491,72.67857142857144
MACH-003,2024-06-06 08:00:00,75.70030120481943,1.6886854153041142,6.016036461850098,1582.608695652175,9.454545454544451,79.91071428571428
MACH-003,2024-06-06 09:00:00,71.97289156626468,1.7115761935905738,6.3958474004051284,1588.4057971014504,9.181818181819434,74.68750000000018
MACH-003,2024-06-06 10:00:00,77.05572289156649,1.7908763897972468,5.80865968939905,1589.3719806763288,9.090909090908339,76.69642857142864
MACH-003,2024-06-06 11:00:00,74.45783132530117,2.435905820797908,5.9590648210668435,1614.009661835749,9.272727272726396,71.47321428571425
MACH-003,2024-06-06 12:00:00,68.9231927710841,1.920045781556579,5.750168804861577,1557.9710144927546,9.272727272726396,81.51785714285711
MACH-003,2024-06-06 13:00:00,78.18524096385593,1.2733812949640297,5.731178257933825,1564.2512077294696,9.000000000001378,80.31249999999991
MACH-003,2024-06-06 14:00:00,77.50753012048175,1.4883911052975893,6.104912221471981,1620.289855072464,9.090909090908339,77.50000000000018
MACH-003,2024-06-06 15:00:00,76.49096385542113,2.3451602354479952,5.040681971640787,1600.9661835748802,9.363636363637491,72.27678571428581
MACH-003,2024-06-06 16:00:00,71.4081325301206,2.2331589274035313,6.0562964213369295,1584.5410628019315,9.090909090908339,71.87500000000017
MACH-003,2024-06-06 17:00:00,81.34789156626532,2.663178548070632,5.79726536124241,1579.227053140095,9.545454545455549,80.71428571428584
MACH-003,2024-06-06 18:00:00,75.36144578313298,1.5660562459123553,6.1163065496286215,1576.8115942028992,9.818181818180566,72.67857142857144
MACH-003,2024-06-06 19:00:00,74.57078313252998,2.042674950948338,5.813977042538832,1585.9903381642546,9.727272727273604,76.294642857143
MACH-003,2024-06-06 20:00:00,72.87650602409649,2.285480706344023,5.994767049291019,1552.1739130434792,9.545454545455549,71.07142857142861
MACH-003,2024-06-06 21:00:00,75.92620481927706,1.97972531066057,6.068450371370696,1577.2946859903384,9.000000000001378,75.08928571428581
MACH-003,2024-06-06 22:00:00,74.00602409638591,1.8039568345323744,5.8504388926401,1610.6280193236748,9.363636363637491,68.2589285714286
MACH-003,2024-06-06 23:00:00,74.79668674698762,1.9396664486592612,5.918045239702903,1585.5072463768154,8.818181818179188,72.27678571428581
MACH-003,2024-06-07 00:00:00,75.70030120481943,2.233976455199475,5.7592842673869065,1592.2705314009695,9.636363636362509,69.86607142857142
MACH-003,2024-06-07 01:00:00,77.39457831325294,2.014879005886194,6.090479405806885,1617.874396135268,9.636363636362509,80.71428571428584
MACH-003,2024-06-07 02:00:00,72.31174698795112,2.83158927403531,5.902852802160698,1579.71014492754,9.000000000001378,73.08035714285707
MACH-003,2024-06-07 03:00:00,81.12198795180768,2.4481687377370718,6.498396353814997,1591.3043478260856,9.636363636362509,72.67857142857144
MACH-003,2024-06-07 04:00:00,78.75,2.0230542838456556,6.446742066171509,1557.9710144927546,9.272727272726396,78.30357142857146
MACH-003,2024-06-07 05:00:00,81.12198795180768,1.630640941792012,6.2613943281566495,1556.038647342998,9.909090909091661,67.45535714285732
MACH-003,2024-06-07 06:00:00,80.55722891566234,1.8333878351863884,6.339635381498983,1544.9275362318858,9.090909090908339,66.25000000000014
MACH-003,2024-06-07 07:00:00,74.34487951807236,2.453891432308701,5.534436191762326,1552.1739130434792,9.363636363637491,71.47321428571425
MACH-003,2024-06-07 08:00:00,74.34487951807236,2.3108240680183156,6.57739702903444,1549.275362318844,9.454545454544451,74.28571428571426
MACH-003,2024-06-07 09:00:00,76.26506024096349,2.1857423152387234,5.614956110735989,1578.743961352656,9.454545454544451,75.08928571428581
MACH-003,2024-06-07 10:00:00,88.23795180722945,1.9846304774362358,6.384453072248489,1593.236714975848,9.545454545455549,76.69642857142864
MACH-003,2024-06-07 11:00:00,81.00903614457887,2.0982668410725887,6.225692099932474,1590.3381642512072,9.727272727273604,69.06250000000016
MACH-003,2024-06-07 12:00:00,76.71686746988004,1.9911706998037901,6.947332883187032,1570.0483091787453,9.363636363637491,73.88392857142861
MACH-003,2024-06-07 13:00:00,83.15512048192764,2.4310006540222417,6.450540175557055,1538.164251207732,9.727272727273604,68.2589285714286
MACH-003,2024-06-07 14:00:00,81.12198795180768,2.1595814257684682,5.9241222147197785,1569.0821256038669,9.272727272726396,62.63392857142858
MACH-003,2024-06-07 15:00:00,80.67018072289113,2.4154676258992804,6.933659689399046,1543.4782608695682,9.363636363637491,69.46428571428578
MACH-003,2024-06-07 16:00:00,84.05873493975945,2.829136690647477,6.233288318703585,1580.676328502418,9.454545454544451,67.45535714285732
MACH-003,2024-06-07 17:00:00,78.97590361445762,2.43835840418574,6.6358879135719135,1582.608695652175,9.636363636362509,68.66071428571423
MACH-003,2024-06-07 18:00:00,81.91265060240939,2.7890778286461684,6.452059419311274,1564.7342995169088,9.181818181819434,68.66071428571423
MACH-003,2024-06-07 19:00:00,78.29819277108474,1.928221059516022,6.405722484807567,1574.8792270531426,9.363636363637491,66.25000000000014
MACH-003,2024-06-07 20:00:00,86.0918674698794,2.646827992151727,6.253038487508446,1553.6231884057966,9.727272727273604,67.05357142857142
MACH-003,2024-06-07 21:00:00,78.41114457831355,2.811151079136683,6.412559081701552,1529.9516908212547,9.909090909091661,61.02678571428576
MACH-003,2024-06-07 22:00:00,82.36445783132594,2.3083714846304826,7.006583389601614,1562.3188405797127,9.818181818180566,64.2410714285714
MACH-003,2024-06-07 23:00:00,76.94277108433766,2.68770438194898,6.502954085077653,1561.3526570048346,9.909090909091661,65.04464285714295
MACH-003,2024-06-08 00:00:00,74.34487951807236,2.5086657946370075,6.554608372721143,1559.9033816425115,9.818181818180566,63.43750000000013
MACH-003,2024-06-08 01:00:00,86.99548192771121,2.410562459123615,6.594108710330864,1543.4782608695682,9.454545454544451,66.65178571428578
MACH-003,2024-06-08 02:00:00,81.46084337349413,2.440810987573573,6.892640108035105,1550.7246376811615,9.999999999998622,58.21428571428574
MACH-003,2024-06-08 03:00:00,80.21837349397589,2.663996075866576,7.036208642808915,1557.4879227053157,10.090909090909717,70.66964285714297
MACH-003,2024-06-08 04:00:00,81.23493975903651,3.0302485284499645,6.606262660364614,1542.9951690821235,9.727272727273604,61.42857142857139
MACH-003,2024-06-08 05:00:00,79.76656626506062,3.026160889470243,6.587272113436862,1549.275362318844,9.727272727273604,55.00000000000009
MACH-003,2024-06-08 06:00:00,79.08885542168645,2.7710922171353745,6.812120189061443,1530.9178743961331,9.272727272726396,62.23214285714294
MACH-003,2024-06-08 07:00:00,84.5105421686747,3.3098430346631815,6.560685347738017,1501.4492753623213,10.45454545454583,55.00000000000009
MACH-003,2024-06-08 08:00:00,85.41415662650651,2.3541530412034013,7.064314652261979,1505.797101449274,9.909090909091661,56.607142857142925
MACH-003,2024-06-08 09:00:00,86.43072289156585,3.104643557880972,7.201046590141803,1540.5797101449277,10.090909090909717,57.81250000000011
MACH-003,2024-06-08 10:00:00,84.17168674698826,3.366252452583376,7.5147704253882495,1568.5990338164277,9.999999999998622,48.16964285714289
MACH-003,2024-06-08 11:00:00,84.28463855421708,3.1520601700457798,6.816677920324099,1483.091787439616,10.363636363634736,57.41071428571448
MACH-003,2024-06-08 12:00:00,87.22138554216883,2.6819816873773696,7.352211343686706,1546.8599033816427,9.636363636362509,68.2589285714286
MACH-003,2024-06-08 13:00:00,87.44728915662647,3.2583387835186333,6.66171505739365,1511.5942028985494,10.181818181816679,47.366071428571615
MACH-003,2024-06-08 14:00:00,85.41415662650651,3.101373446697176,7.231431465226195,1517.8743961352643,10.090909090909717,60.2232142857142
MACH-003,2024-06-08 15:00:00,81.91265060240939,3.1733158927403498,7.184334908845379,1478.2608695652186,9.454545454544451,48.97321428571444
MACH-003,2024-06-08 16:00:00,90.72289156626468,2.5086657946370075,8.273632680621201,1500.4830917874374,10.545454545452792,54.59821428571446
MACH-003,2024-06-08 17:00:00,87.89909638554172,2.966481360366252,7.133440243079,1512.0772946859886,10.090909090909717,49.77678571428571
MACH-003,2024-06-08 18:00:00,87.6731927710841,3.398953564421186,7.668973666441589,1470.5314009661806,10.636363636363887,38.52678571428565
MACH-003,2024-06-08 19:00:00,85.97891566265059,3.259973839110522,7.492741390952061,1499.516908212559,10.181818181816679,50.178571428571345
