temperature,vibration,pressure,rpm,current,oil_level,fault_type
76.49096385542113,2.8667429692609527,6.8083220796758965,1527.536231884059,10.181818181816679,54.59821428571446,Bearing Wear
80.55722891566234,1.810497056899929,6.698936529372043,1534.2995169082128,11.363636363636113,63.839285714285765,Bearing Wear
78.75,2.7285807717462327,7.06203578663065,1507.729468599036,9.999999999998622,69.46428571428578,Bearing Wear
81.12198795180768,3.4144865925441463,6.901755570560435,1537.6811594202927,10.363636363634736,40.133928571428484,Bearing Wear
85.86596385542177,2.850392413342048,7.305114787305873,1448.792270531401,12.000000000001378,40.93750000000004,Bearing Wear
82.25150602409585,3.1626880313930554,7.727464550979063,1457.0048309178726,10.45454545454583,38.12500000000002,Bearing Wear
85.86596385542177,3.083387835186401,7.877869682646856,1489.3719806763306,10.818181818181944,42.544642857142854,Bearing Wear
82.70331325301238,2.521746239372135,6.566762322754892,1534.2995169082128,10.181818181816679,50.178571428571345,Bearing Wear
90.1581325301206,3.6515696533682025,7.640108035111417,1478.2608695652186,10.727272727270847,47.366071428571615,Bearing Wear
82.47740963855475,3.028613472858076,7.101536124240372,1523.1884057971008,10.090909090909717,58.616071428571374,Bearing Wear
88.12500000000064,2.9329627207324984,7.862677245104652,1505.797101449274,11.727272727272226,44.95535714285723,Bearing Wear
80.89608433734877,2.7890778286461684,7.360567184334909,1508.6956521739144,10.636363636363887,46.964285714285694,Bearing Wear
86.99548192771121,2.8642903858731197,7.101536124240372,1518.8405797101427,11.181818181818056,55.40178571428573,Bearing Wear
86.54367469879466,2.7473839110529705,7.273210668467245,1523.67149758454,10.545454545452792,57.008928571428555,Bearing Wear
84.05873493975945,2.8585676913015092,7.600607697501694,1481.6425120772928,11.54545454545417,59.017857142857295,Bearing Wear
90.1581325301206,2.3901242642249882,7.033929777177586,1514.49275362319,10.818181818181944,57.81250000000011,Bearing Wear
86.43072289156585,2.8806409417920245,6.779456448345705,1532.3671497584562,10.545454545452792,50.9821428571429,Bearing Wear
85.86596385542177,2.6566383257030775,7.663656313301824,1496.618357487924,11.090909090906962,50.58035714285727,Bearing Wear
84.28463855421708,2.95830608240679,7.454000675219447,1533.8164251207738,9.999999999998622,60.625000000000114,Bearing Wear
83.60692771084291,2.869195552648786,6.957207967589471,1547.826086956521,10.45454545454583,53.39285714285727,Bearing Wear
88.68975903614472,2.7171353826030122,7.496539500337606,1482.125603864732,11.727272727272226,52.99107142857136,Bearing Wear
84.05873493975945,2.7555591890124327,6.341914247130312,1532.8502415458954,10.727272727270847,74.28571428571426,Bearing Wear
83.94578313253064,3.0032701111837836,6.922265361242405,1515.4589371980685,10.090909090909717,57.41071428571448,Bearing Wear
87.89909638554172,2.69751471550033,7.021775827143819,1483.5748792270551,10.363636363634736,51.78571428571445,Bearing Wear
84.28463855421708,2.6239372138652675,7.7844361917623175,1488.4057971014468,9.818181818180566,61.42857142857139,Bearing Wear
87.22138554216883,2.738391105297583,7.659098582039168,1446.8599033816445,10.909090909088905,52.58928571428572,Bearing Wear
87.56024096385528,2.6223021582733788,7.28840310600945,1487.9227053140078,11.727272727272226,37.72321428571439,Bearing Wear
87.44728915662647,2.7465663832570266,8.051063470627948,1430.4347826086957,11.909090909090283,46.562500000000064,Bearing Wear
85.52710843373532,3.2992151733158863,7.1630654962863,1466.6666666666672,11.636363636365266,48.97321428571444,Bearing Wear
86.99548192771121,2.3770438194898604,7.351451721809579,1480.6763285024144,10.545454545452792,47.76785714285724,Bearing Wear
85.41415662650651,2.3541530412034013,7.064314652261979,1505.797101449274,9.909090909091661,56.607142857142925,Bearing Wear
88.5768072289159,3.6466644865925373,7.495020256583388,1484.5410628019333,10.727272727270847,42.544642857142854,Bearing Wear
90.49698795180704,2.855297580117714,7.221556380823773,1486.9565217391294,11.454545454547208,53.794642857142904,Bearing Wear
84.17168674698826,2.66481360366252,7.182056043214051,1495.6521739130455,10.090909090909717,53.794642857142904,Bearing Wear
87.78614457831291,2.483322432962715,7.004304523970287,1497.1014492753632,10.818181818181944,52.99107142857136,Bearing Wear
82.36445783132594,2.9370503597122197,7.118247805536796,1509.1787439613536,10.818181818181944,59.82142857142856,Bearing Wear
88.23795180722945,2.7678221059515975,7.278528021607028,1475.362318840578,11.727272727272226,46.964285714285694,Bearing Wear
82.70331325301238,2.9435905820797927,7.301316677920327,1491.3043478260875,11.0,54.19642857142854,Bearing Wear
87.10843373494002,3.202746893394364,7.620357866306556,1467.6328502415456,10.727272727270847,45.7589285714285,Bearing Wear
84.05873493975945,2.6729888816219636,7.347653612424033,1521.7391304347832,10.727272727270847,59.017857142857295,Bearing Wear
87.22138554216883,3.291857423152387,7.937879810938548,1465.700483091789,10.545454545452792,52.18750000000008,Bearing Wear
84.5105421686747,2.5593525179856105,6.8455435516542895,1531.884057971017,9.545454545455549,58.21428571428574,Bearing Wear
88.5768072289159,2.4424460431654618,6.813639432815662,1508.6956521739144,11.0,56.607142857142925,Bearing Wear
83.26807228915646,2.8961739699149662,7.240546927751525,1458.9371980676349,10.818181818181944,51.38392857142853,Bearing Wear
80.3313253012047,3.03515369522563,7.428173531397713,1461.3526570048307,11.818181818183321,43.75000000000006,Bearing Wear
87.78614457831291,3.1242642249836536,7.169142471303175,1484.5410628019333,11.090909090906962,47.76785714285724,Bearing Wear
82.8162650602412,2.8201438848920892,6.998227548953412,1493.2367149758443,11.454545454547208,57.008928571428555,Bearing Wear
88.46385542168709,3.2289077828646193,8.093602295746125,1489.8550724637698,10.909090909088905,50.178571428571345,Bearing Wear
84.84939759036115,2.8397645519947714,6.512069547602966,1548.30917874396,9.818181818180566,60.2232142857142,Bearing Wear
82.36445783132594,2.2315238718116426,6.5234638757596235,1572.9468599033803,10.272727272727774,57.81250000000011,Bearing Wear
81.57379518072295,2.5340091563113183,7.261816340310604,1521.7391304347832,10.363636363634736,58.616071428571374,Bearing Wear
89.70632530120534,2.9852844996729897,7.371201890614458,1466.183574879228,11.818181818183321,50.178571428571345,Bearing Wear
86.54367469879466,3.3147482014388467,7.779878460499662,1488.4057971014468,11.0,55.00000000000009,Bearing Wear
86.20481927710821,2.4808698495748818,8.075371370695482,1490.8212560386482,10.363636363634736,58.616071428571374,Bearing Wear
86.65662650602476,3.416121648136035,7.0050641458473955,1508.6956521739144,9.999999999998622,54.19642857142854,Bearing Wear
84.05873493975945,3.2616088947024107,7.767724510465895,1508.2125603864752,10.818181818181944,58.616071428571374,Bearing Wear
91.62650602409647,2.689339437540869,7.662896691424715,1489.3719806763306,11.818181818183321,51.78571428571445,Bearing Wear
87.44728915662647,2.6288423806409336,7.249662390276837,1486.4734299516902,11.181818181818056,49.37500000000007,Bearing Wear
82.25150602409585,2.4653368214519213,7.2724510465901355,1480.6763285024144,11.454545454547208,51.38392857142853,Bearing Wear
91.96536144578292,3.4439175931981603,7.4798278190411835,1471.9806763285037,11.0,53.39285714285727,Bearing Wear
80.55722891566234,3.034336167429686,7.722906819716407,1488.4057971014468,11.272727272729153,43.348214285714405,Bearing Wear
88.80271084337353,3.1528776978417232,6.976958136394332,1516.4251207729467,10.363636363634736,52.99107142857136,Bearing Wear
89.70632530120534,3.06785480706344,7.5800979068197245,1446.8599033816445,10.909090909088905,36.517857142857196,Bearing Wear
86.54367469879466,3.153695225637668,7.031650911546258,1526.0869565217413,10.090909090909717,53.39285714285727,Bearing Wear
83.26807228915646,2.707325049051662,7.700118163403108,1462.318840579709,11.54545454545417,48.16964285714289,Bearing Wear
89.25451807228879,3.380150425114448,7.728983794733281,1478.2608695652186,10.545454545452792,47.76785714285724,Bearing Wear
81.34789156626532,2.945225637671681,7.058997299122213,1507.729468599036,10.181818181816679,50.9821428571429,Bearing Wear
85.41415662650651,3.431654676258996,7.67732950708981,1513.0434782608725,10.636363636363887,46.562500000000064,Bearing Wear
90.04518072289179,3.077665140614772,6.308490884537482,1519.8067632850266,10.909090909088905,56.607142857142925,Bearing Wear
83.71987951807172,3.0114453891432262,8.002447670492913,1460.3864734299525,11.818181818183321,50.58035714285727,Bearing Wear
83.04216867469883,2.7195879659908453,6.664753544902087,1507.729468599036,11.090909090906962,58.21428571428574,Bearing Wear
86.54367469879466,3.269784172661873,6.592589466576645,1525.603864734302,9.999999999998622,58.616071428571374,Bearing Wear
85.75301204819296,2.628024852844989,7.286883862255231,1480.1932367149752,11.0,52.18750000000008,Bearing Wear
88.12500000000064,3.0523217789404797,7.248902768399728,1498.5507246376806,10.272727272727774,52.99107142857136,Bearing Wear
80.55722891566234,2.9100719424460384,7.0802667116812925,1497.1014492753632,10.727272727270847,50.58035714285727,Bearing Wear
85.97891566265059,3.0253433616742984,6.935938555030392,1468.1159420289848,11.363636363636113,51.38392857142853,Bearing Wear
89.25451807228879,3.319653368214513,7.214719783929772,1473.4299516908213,10.363636363634736,52.58928571428572,Bearing Wear
80.89608433734877,2.9713865271419175,6.705773126266028,1515.9420289855075,10.090909090909717,68.66071428571423,Bearing Wear
83.26807228915646,2.852844996729881,7.3423362592842665,1477.7777777777794,10.727272727270847,52.99107142857136,Bearing Wear
87.44728915662647,2.9959123610202663,7.02101620526671,1457.971014492751,11.363636363636113,49.77678571428571,Bearing Wear
82.59036144578357,3.0400588620012963,7.349172856178251,1486.9565217391294,11.363636363636113,51.78571428571445,Bearing Wear
80.21837349397589,2.4228253760627796,6.853899392302493,1553.6231884057966,10.45454545454583,64.2410714285714,Bearing Wear
84.28463855421708,3.613145846958783,7.687964213369341,1471.4975845410645,11.272727272729153,55.40178571428573,Bearing Wear
81.12198795180768,2.1358731196860643,6.692859554355168,1555.0724637681142,9.454545454544451,68.2589285714286,Bearing Wear
88.80271084337353,2.9027141922825392,7.02101620526671,1532.3671497584562,10.545454545452792,61.83035714285731,Bearing Wear
88.12500000000064,3.246893394375413,7.6697332883186995,1519.8067632850266,11.454545454547208,52.58928571428572,Bearing Wear
83.04216867469883,2.727763243950289,6.837947332883179,1507.729468599036,11.272727272729153,49.77678571428571,Bearing Wear
86.65662650602476,2.762099411379987,7.090901417960841,1518.8405797101427,9.909090909091661,61.02678571428576,Bearing Wear
71.4081325301206,2.957488554610846,6.641964888588788,1573.429951690825,9.545454545455549,70.66964285714297,Bearing Wear
76.60391566264994,2.666448659254409,7.156988521269408,1457.971014492751,10.909090909088905,44.55357142857161,Bearing Wear
86.54367469879466,2.8307717462393653,7.168382849426066,1473.9130434782605,9.999999999998622,50.9821428571429,Bearing Wear
84.96234939758997,2.597776324395031,6.64044564483457,1534.2995169082128,10.272727272727774,56.20535714285728,Bearing Wear
82.25150602409585,2.8152387181164054,6.727802160702234,1517.391304347825,9.909090909091661,57.008928571428555,Bearing Wear
86.0918674698794,2.8879986919555236,7.368163403106003,1471.4975845410645,11.636363636365266,48.97321428571444,Bearing Wear
88.68975903614472,3.5199476782210564,7.6522619851451665,1475.8454106280171,11.181818181818056,51.78571428571445,Bearing Wear
84.05873493975945,2.9280575539568323,6.5158676569885134,1502.8985507246387,9.999999999998622,52.58928571428572,Bearing Wear
91.96536144578292,2.9370503597122197,6.9032748143146545,1502.4154589371994,10.090909090909717,53.39285714285727,Bearing Wear
82.36445783132594,3.277141922825371,7.660617825793387,1479.227053140097,9.909090909091661,56.20535714285728,Bearing Wear
78.86295180722882,2.6689012426422423,7.327143821742062,1492.753623188405,10.909090909088905,58.21428571428574,Bearing Wear
87.44728915662647,3.2583387835186333,6.66171505739365,1511.5942028985494,10.181818181816679,47.366071428571615,Bearing Wear
86.88253012048239,2.923152387181166,7.2253544902093205,1503.3816425120779,10.272727272727774,45.7589285714285,Bearing Wear
82.25150602409585,2.352517985611513,7.80190749493585,1477.2946859903402,11.272727272729153,50.9821428571429,Bearing Wear
87.56024096385528,2.732668410725955,6.863774476704932,1515.4589371980685,10.818181818181944,56.607142857142925,Bearing Wear
83.94578313253064,3.0719424460431624,7.175979068197159,1513.0434782608725,10.272727272727774,56.607142857142925,Bearing Wear
90.1581325301206,3.528940483976444,7.649983119513838,1484.5410628019333,11.363636363636113,48.16964285714289,Bearing Wear
81.79969879518057,3.143067364290373,7.741897366644158,1528.9855072463765,10.545454545452792,55.80357142857136,Bearing Wear
90.9487951807236,3.562459123610198,8.307815665091157,1505.3140096618347,10.45454545454583,51.78571428571445,Bearing Wear
83.49397590361409,2.474329627207327,7.040006752194461,1494.2028985507225,10.545454545452792,52.99107142857136,Bearing Wear
88.46385542168709,3.130804447351209,7.7297434166103915,1478.2608695652186,11.0,46.16071428571442,Bearing Wear
83.49397590361409,3.1169064748201363,7.56566509115463,1510.6280193236712,10.545454545452792,62.63392857142858,Bearing Wear
81.68674698795176,2.4440810987573505,6.933659689399046,1505.3140096618347,11.181818181818056,53.794642857142904,Bearing Wear
86.54367469879466,3.1201765860039137,7.29675894665767,1465.2173913043498,11.272727272729153,44.15178571428568,Bearing Wear
82.13855421686702,3.3033028122956076,7.485904794058076,1514.9758454106293,10.272727272727774,55.00000000000009,Bearing Wear
84.73644578313234,3.2558862001308,7.253460499662384,1526.0869565217413,9.636363636362509,49.77678571428571,Bearing Wear
78.41114457831355,3.1144538914323032,7.352211343686706,1478.2608695652186,9.818181818180566,57.81250000000011,Bearing Wear
82.92921686747002,3.318018312622624,6.760465901417954,1518.8405797101427,10.272727272727774,70.66964285714297,Bearing Wear
86.88253012048239,2.577338129496404,6.913149898717076,1528.0193236714981,10.272727272727774,57.81250000000011,Bearing Wear
85.75301204819296,2.8185088293002005,7.403865631330178,1478.7439613526578,10.545454545452792,50.58035714285727,Bearing Wear
85.97891566265059,2.9182472204054815,7.480587440918293,1483.5748792270551,11.181818181818056,41.339285714285666,Bearing Wear
92.75602409638591,3.2125572269457146,7.223835246455102,1490.338164251209,11.090909090906962,58.21428571428574,Bearing Wear
85.97891566265059,3.015533028122948,6.446742066171509,1506.2801932367129,10.727272727270847,54.19642857142854,Bearing Wear
82.92921686747002,3.0457815565729254,8.003966914247133,1472.463768115943,11.454545454547208,42.544642857142854,Bearing Wear
86.43072289156585,3.319653368214513,7.1228055367994525,1499.9999999999982,10.636363636363887,46.562500000000064,Bearing Wear
87.10843373494002,2.6476455199476714,6.360145172180953,1535.2657004830912,9.909090909091661,65.44642857142858,Bearing Wear
86.31777108433704,2.7988881621975183,7.539078325455766,1485.5072463768117,11.454545454547208,48.97321428571444,Bearing Wear
86.76957831325358,2.821778940483978,6.9032748143146545,1501.9323671497605,10.727272727270847,50.178571428571345,Bearing Wear
75.47439759036179,2.178384565075206,6.705773126266028,1549.7584541062831,10.090909090909717,58.21428571428574,Bearing Wear
85.75301204819296,2.702419882275996,7.523126266036471,1476.3285024154563,10.636363636363887,50.9821428571429,Bearing Wear
89.93222891566296,2.9713865271419175,7.947754895340987,1480.6763285024144,10.45454545454583,50.178571428571345,Bearing Wear
87.10843373494002,3.2763243950294267,7.394750168804865,1526.0869565217413,10.363636363634736,52.18750000000008,Bearing Wear
86.31777108433704,2.9435905820797927,7.385634706279535,1471.0144927536253,11.181818181818056,59.41964285714293,Bearing Wear
81.79969879518057,2.7032374100719405,6.495357866306542,1483.091787439616,9.999999999998622,60.625000000000114,Bearing Wear
79.540662650603,2.336984957488552,6.615378122889943,1505.797101449274,10.090909090909717,57.41071428571448,Bearing Wear
82.13855421686702,2.7269457161543444,6.831110735989195,1522.7053140096616,9.818181818180566,55.80357142857136,Bearing Wear
89.48042168674772,3.452092871157622,7.435010128291696,1528.0193236714981,10.090909090909717,57.81250000000011,Bearing Wear
84.96234939758997,3.041693917593203,7.201806212018913,1508.2125603864752,10.363636363634736,49.77678571428571,Bearing Wear
84.39759036144589,3.3482668410726006,6.962525320729236,1525.603864734302,9.545454545455549,43.75000000000006,Bearing Wear
87.33433734939766,2.7171353826030122,7.6948008102633425,1496.618357487924,11.454545454547208,49.77678571428571,Bearing Wear
88.01204819277183,2.2511445389143248,7.599848075624585,1495.6521739130455,11.181818181818056,52.18750000000008,Bearing Wear
85.64006024096415,3.2092871157619367,6.899476704929107,1495.6521739130455,11.454545454547208,44.15178571428568,Bearing Wear
87.89909638554172,2.6844342707652027,6.77413909520594,1466.6666666666672,11.181818181818056,53.794642857142904,Bearing Wear
82.92921686747002,2.64928057553956,7.678848750844028,1494.2028985507225,10.818181818181944,52.18750000000008,Bearing Wear
83.94578313253064,2.331262262916942,7.077987846049965,1511.5942028985494,11.181818181818056,50.58035714285727,Bearing Wear
77.50753012048175,2.860202746893398,7.220037137069554,1486.4734299516902,11.454545454547208,52.18750000000008,Bearing Wear
85.75301204819296,3.214192282537603,7.298278190411889,1486.4734299516902,10.272727272727774,55.80357142857136,Bearing Wear
84.73644578313234,2.8724656638325623,7.4502025658339015,1485.990338164251,11.090909090906962,55.00000000000009,Bearing Wear
80.3313253012047,2.811151079136683,6.51662727886564,1495.1690821256063,10.45454545454583,61.42857142857139,Bearing Wear
88.23795180722945,3.0703073904512728,7.733541525995955,1492.753623188405,10.909090909088905,49.37500000000007,Bearing Wear
79.20180722891526,2.963211249182475,7.631752194463196,1470.5314009661806,10.272727272727774,59.82142857142856,Bearing Wear
86.99548192771121,3.2567037279267446,7.449442943956791,1477.7777777777794,11.272727272729153,52.99107142857136,Bearing Wear
84.62349397590353,2.5568999345977774,7.020256583389601,1534.782608695652,9.636363636362509,60.625000000000114,Bearing Wear
90.49698795180704,3.2264551994767863,7.435769750168806,1495.1690821256063,11.54545454545417,44.95535714285723,Bearing Wear
85.64006024096415,3.2289077828646193,7.127363268062125,1470.5314009661806,10.45454545454583,49.37500000000007,Bearing Wear
90.1581325301206,3.389143230869854,6.974679270763003,1482.125603864732,10.909090909088905,51.78571428571445,Bearing Wear
84.62349397590353,2.922334859385222,7.007343011478724,1502.4154589371994,9.999999999998622,53.39285714285727,Bearing Wear
83.38102409638527,2.6991497710922188,6.720205941931123,1510.144927536232,9.545454545455549,55.80357142857136,Bearing Wear
84.17168674698826,2.292020928711578,6.366222147197846,1514.49275362319,10.818181818181944,56.607142857142925,Bearing Wear
79.87951807228944,2.150588620013081,6.2986158001350425,1521.256038647344,10.45454545454583,52.99107142857136,Bearing Wear
87.33433734939766,2.661543492478743,7.173700202565831,1512.0772946859886,10.727272727270847,50.178571428571345,Bearing Wear
81.34789156626532,2.3271746239372204,6.721725185685342,1501.9323671497605,10.090909090909717,58.616071428571374,Bearing Wear
88.80271084337353,3.0874754741661223,7.129642133693453,1477.2946859903402,11.54545454545417,45.357142857142875,Bearing Wear
85.41415662650651,2.2912034009156335,7.59604996623902,1489.8550724637698,11.181818181818056,48.97321428571444,Bearing Wear
88.80271084337353,3.362982341399599,7.332461174881828,1475.362318840578,10.818181818181944,43.348214285714405,Bearing Wear
85.41415662650651,2.646827992151727,7.126603646185016,1513.0434782608725,11.454545454547208,49.37500000000007,Bearing Wear
79.08885542168645,2.829954218443421,7.219277515192445,1524.6376811594182,10.363636363634736,59.017857142857295,Bearing Wear
79.31475903614408,2.568345323740998,6.774898717083049,1491.7874396135267,10.181818181816679,53.794642857142904,Bearing Wear
80.89608433734877,2.5192936559843018,7.493501012829169,1476.811594202901,11.0,52.99107142857136,Bearing Wear
88.01204819277183,2.4416285153695174,6.617656988521271,1514.0096618357509,10.181818181816679,64.2410714285714,Bearing Wear
84.62349397590353,3.262426422498355,7.323345712356516,1461.3526570048307,11.272727272729153,44.55357142857161,Bearing Wear
85.41415662650651,3.4063113145846846,7.007343011478724,1523.1884057971008,10.272727272727774,58.21428571428574,Bearing Wear
86.20481927710821,3.0555918901242567,7.476789331532746,1505.797101449274,10.181818181816679,50.9821428571429,Bearing Wear
88.35090361445828,2.8871811641595793,6.921505739365296,1518.3574879227035,11.181818181818056,48.57142857142852,Bearing Wear
90.60993975903585,2.965663832570308,7.327903443619172,1497.5845410628021,10.090909090909717,48.16964285714289,Bearing Wear
83.83283132530181,3.2076520601700484,7.755570560432144,1468.1159420289848,11.272727272729153,46.16071428571442,Bearing Wear
80.44427710843351,2.451438848920868,7.691002700877778,1486.9565217391294,10.909090909088905,46.16071428571442,Bearing Wear
81.12198795180768,3.009810333551338,7.139517218095875,1497.5845410628021,11.727272727272226,54.59821428571446,Bearing Wear
87.44728915662647,2.994277305428377,7.19648885887913,1491.3043478260875,11.636363636365266,60.2232142857142,Bearing Wear
88.46385542168709,2.9771092217135284,6.9503713706954695,1461.3526570048307,10.45454545454583,42.544642857142854,Bearing Wear
90.49698795180704,3.385873119686058,7.737339635381502,1481.6425120772928,11.0,45.7589285714285,Bearing Wear
81.34789156626532,3.2820470896010367,7.096218771100607,1480.6763285024144,10.272727272727774,60.2232142857142,Bearing Wear
80.89608433734877,3.0817527795944937,7.036968264686024,1498.5507246376806,9.999999999998622,48.16964285714289,Bearing Wear
97.5,2.4612491824721996,7.395509790681974,1484.0579710144943,12.181818181819434,42.9464285714285,Bearing Wear
83.49397590361409,2.484139960758659,7.156228899392299,1489.8550724637698,10.545454545452792,57.41071428571448,Bearing Wear
88.46385542168709,2.68770438194898,7.621117488183665,1478.7439613526578,11.181818181818056,53.794642857142904,Bearing Wear
90.04518072289179,2.7702746893394306,8.095881161377452,1495.1690821256063,10.636363636363887,42.142857142857224,Bearing Wear
89.14156626505998,2.9435905820797927,7.49198176907495,1518.8405797101427,9.909090909091661,56.607142857142925,Bearing Wear
85.07530120481877,3.080117724002605,7.114449696151248,1485.0241545893725,10.727272727270847,50.9821428571429,Bearing Wear
84.73644578313234,2.6353826030085066,7.542876434841331,1482.6086956521713,10.181818181816679,44.95535714285723,Bearing Wear
90.60993975903585,3.1111837802485263,7.5649054692775195,1482.125603864732,10.545454545452792,49.37500000000007,Bearing Wear
85.52710843373532,3.5232177894048333,7.539837947332876,1488.4057971014468,11.090909090906962,50.58035714285727,Bearing Wear
91.96536144578292,2.4882275997383805,7.507933828494265,1518.3574879227035,13.45454545454583,49.37500000000007,Bearing Wear
83.60692771084291,3.31720078482668,7.515530047265358,1499.516908212559,11.54545454545417,44.55357142857161,Bearing Wear
82.02560240963821,2.7686396337475414,7.2876434841323405,1484.5410628019333,10.909090909088905,48.57142857142852,Bearing Wear
84.84939759036115,3.362164813603654,7.3848750844024265,1477.7777777777794,11.181818181818056,48.16964285714289,Bearing Wear
86.88253012048239,2.8790058862001358,7.378798109385551,1495.1690821256063,10.909090909088905,39.73214285714285,Bearing Wear
77.39457831325294,3.4422825376062716,6.876688048615792,1492.2705314009659,11.727272727272226,43.75000000000006,Bearing Wear
90.60993975903585,2.2421517331589182,6.744513841998657,1462.8019323671483,11.54545454545417,48.97321428571444,Bearing Wear
89.59337349397651,2.778449967298892,6.6708305199189795,1548.7922705313993,11.363636363636113,54.19642857142854,Bearing Wear
85.64006024096415,2.9484957488554584,7.243585415259962,1490.338164251209,10.272727272727774,54.59821428571446,Bearing Wear
76.82981927710887,2.8536625245258245,6.933659689399046,1508.2125603864752,10.818181818181944,56.607142857142925,Bearing Wear
69.37499999999936,1.6543492478744346,5.1348750844024345,1629.9516908212586,8.909090909090283,85.5357142857143,Normal Operation
79.99246987951825,2.367233485938529,5.588369345037143,1569.0821256038669,9.545454545455549,70.26785714285705,Normal Operation
77.39457831325294,1.980542838456514,6.086681296421339,1580.1932367149789,10.363636363634736,61.83035714285731,Normal Operation
72.31174698795112,1.156474820143881,5.939314652261983,1556.5217391304373,9.545454545455549,84.33035714285712,Normal Operation
70.16566265060234,1.3853826030084941,5.333136394328153,1630.4347826086976,9.363636363637491,89.95535714285714,Normal Operation
77.1686746987953,1.581589274035316,5.617994598244426,1570.5314009661843,9.545454545455549,79.91071428571428,Normal Operation
78.41114457831355,1.9592871157619431,6.289500337609731,1607.7294685990341,9.545454545455549,79.91071428571428,Normal Operation
73.44126506024055,1.9486592544146486,5.3695982444294375,1623.1884057971045,9.636363636362509,89.95535714285714,Normal Operation
62.936746987951764,2.080281229561795,4.894834571235649,1603.381642512076,9.000000000001378,91.56249999999997,Normal Operation
80.3313253012047,2.1399607586657856,6.347231600270095,1545.410628019325,9.454545454544451,69.46428571428578,Normal Operation
72.76355421686766,1.7843361674296923,5.802582714382176,1622.222222222226,9.000000000001378,77.90178571428582,Normal Operation
70.84337349397524,1.8595487246566438,5.267049291019585,1627.536231884057,9.909090909091661,81.11607142857147,Normal Operation
72.31174698795112,1.8113145846958734,5.14930790006753,1627.0531400966179,8.909090909090283,82.32142857142867,Normal Operation
75.81325301204824,1.7434597776324394,5.6893990546927755,1615.4589371980667,8.63636363636113,81.51785714285711,Normal Operation
69.03614457831291,1.396010464355789,5.176654287643485,1606.7632850241557,9.181818181819434,86.7410714285715,Normal Operation
84.96234939758997,1.8530085022890705,6.600185685347739,1594.6859903381653,9.727272727273604,73.08035714285707,Normal Operation
71.74698795180704,1.9674623937213864,4.549206617150575,1632.8502415458936,9.181818181819434,91.96428571428588,Normal Operation
71.85993975903585,1.5235448005232135,5.9066509115462456,1534.2995169082128,9.909090909091661,75.89285714285708,Normal Operation
77.84638554216819,2.042674950948338,6.1512491559756866,1577.7777777777776,9.727272727273604,73.88392857142861,Normal Operation
76.82981927710887,1.5554283845650794,5.527599594868324,1618.8405797101464,9.636363636362509,78.30357142857146,Normal Operation
73.10240963855411,1.094342707652057,5.27388588791357,1603.381642512076,9.272727272726396,75.89285714285708,Normal Operation
71.29518072289179,1.4311641595814315,5.905891289669136,1632.8502415458936,9.181818181819434,75.89285714285708,Normal Operation
76.15210843373468,1.769620667102676,5.902852802160698,1552.1739130434792,9.454545454544451,68.66071428571423,Normal Operation
80.21837349397589,1.8775343361674373,5.911208642808918,1585.5072463768154,9.545454545455549,79.50892857142864,Normal Operation
75.02259036144525,1.3526814911707028,5.3847906819716425,1614.9758454106275,9.181818181819434,75.08928571428581,Normal Operation
76.26506024096349,1.7091236102027407,5.891458474004057,1606.7632850241557,9.363636363637491,84.33035714285712,Normal Operation
72.53765060241004,2.0279594506213217,5.994767049291019,1593.719806763287,9.909090909091661,75.89285714285708,Normal Operation
71.29518072289179,1.9486592544146486,6.15732613099258,1572.9468599033803,10.272727272727774,69.46428571428578,Normal Operation
70.95632530120406,1.9551994767822032,4.577312626603639,1619.8067632850248,8.909090909090283,83.92857142857149,Normal Operation
72.31174698795112,2.2585022890778235,6.348750844024313,1546.3768115942034,9.545454545455549,66.65178571428578,Normal Operation
75.02259036144525,0.8973185088293096,5.531397704253889,1559.9033816425115,10.181818181816679,68.66071428571423,Normal Operation
76.03915662650587,2.009973839110528,5.755486158001343,1584.0579710144925,9.818181818180566,71.87500000000017,Normal Operation
74.23192771084354,2.2699476782210626,5.6271100607697555,1569.0821256038669,10.363636363634736,69.86607142857142,Normal Operation
73.55421686746936,1.5913996075866663,5.248058744091834,1584.5410628019315,9.363636363637491,75.08928571428581,Normal Operation
77.39457831325294,2.009973839110528,6.458896016205259,1580.676328502418,9.363636363637491,79.10714285714302,Normal Operation
70.05271084337353,1.8399280575539616,5.422771775827145,1661.8357487922717,9.090909090908339,87.94642857142868,Normal Operation
67.11596385542177,1.8644538914323097,5.124999999999996,1632.3671497584544,9.272727272726396,89.5535714285715,Normal Operation
74.11897590361473,1.9486592544146486,5.939314652261983,1557.9710144927546,9.272727272726396,86.7410714285715,Normal Operation
78.52409638554238,1.963374754741665,5.984891964888597,1578.743961352656,9.636363636362509,71.47321428571425,Normal Operation
70.27861445783117,1.963374754741665,6.000844024307893,1576.32850241546,9.181818181819434,82.72321428571429,Normal Operation
67.3418674698794,1.0779921517331523,5.064230249831194,1644.4444444444448,8.63636363636113,75.49107142857144,Normal Operation
76.26506024096349,2.8234139960758666,6.3958474004051284,1574.3961352657034,9.909090909091661,68.66071428571423,Normal Operation
72.42469879517994,1.3068999345977839,5.28224172856179,1609.1787439613518,8.181818181818057,85.13392857142867,Normal Operation
70.05271084337353,1.0632766514061545,5.07866306549629,1614.9758454106275,8.818181818179188,86.7410714285715,Normal Operation
69.71385542168709,1.9723675604970523,5.403781228899394,1621.2560386473422,9.090909090908339,83.12499999999993,Normal Operation
67.45481927710821,1.1025179856115188,5.803342336259285,1600.483091787441,8.727272727272226,81.91964285714303,Normal Operation
72.08584337349349,1.4941137998691998,6.031988521269412,1573.9130434782642,10.090909090909717,71.47321428571425,Normal Operation
77.959337349397,1.410725964682805,5.424291019581363,1625.120772946861,9.181818181819434,76.69642857142864,Normal Operation
74.23192771084354,0.7632439502943116,4.961681296421343,1598.0676328502452,9.000000000001378,79.91071428571428,Normal Operation
73.55421686746936,2.0255068672334886,5.456954760297101,1613.0434782608706,9.363636363637491,80.71428571428584,Normal Operation
77.50753012048175,1.848920863309349,6.210499662390269,1544.9275362318858,9.545454545455549,77.50000000000018,Normal Operation
71.52108433734941,2.156311314584691,5.839804186360569,1607.246376811595,9.090909090908339,74.28571428571426,Normal Operation
70.27861445783117,0.7795945062132165,5.172856178257938,1632.8502415458936,8.727272727272226,79.50892857142864,Normal Operation
68.35843373494002,1.9274035317200777,5.147029034436185,1568.5990338164277,9.181818181819434,71.87500000000017,Normal Operation
71.85993975903585,2.402387181164153,6.509790681971637,1599.5169082125626,10.272727272727774,66.25000000000014,Normal Operation
67.68072289156585,1.7638979725310657,5.657494935854148,1584.0579710144925,9.727272727273604,75.49107142857144,Normal Operation
74.34487951807236,2.0443100065402264,6.073008102633352,1558.937198067633,9.545454545455549,69.86607142857142,Normal Operation
73.66716867469819,2.080281229561795,5.627869682646865,1581.1594202898573,9.818181818180566,79.10714285714302,Normal Operation
72.9894578313253,1.3821124918247167,5.412896691424706,1632.8502415458936,9.181818181819434,87.14285714285712,Normal Operation
71.63403614457823,1.4025506867233433,5.482781904118837,1628.0193236715018,9.454545454544451,80.71428571428584,Normal Operation
70.16566265060234,1.8660889470241981,5.1751350438892665,1607.246376811595,9.090909090908339,79.91071428571428,Normal Operation
71.06927710843415,2.028776978417266,5.813217420661706,1596.135265700483,9.454545454544451,69.06250000000016,Normal Operation
77.05572289156649,2.369686069326362,6.340395003376093,1571.4975845410627,10.181818181816679,61.42857142857139,Normal Operation
73.21536144578292,1.870994113799864,5.655216070222819,1604.34782608696,9.090909090908339,78.30357142857146,Normal Operation
63.16265060240939,1.7352844996729964,4.862170830519912,1616.4251207729503,9.272727272726396,81.51785714285711,Normal Operation
82.47740963855475,2.8209614126880336,5.786630654962861,1555.0724637681142,9.909090909091661,59.41964285714293,Normal Operation
69.93975903614472,1.7434597776324394,5.6544564483457105,1613.5265700483098,9.454545454544451,85.13392857142867,Normal Operation
80.21837349397589,2.623119686069323,6.287981093855494,1532.3671497584562,10.090909090909717,68.2589285714286,Normal Operation
75.02259036144525,1.3731196860693293,5.7691593517893285,1626.0869565217395,9.000000000001378,83.92857142857149,Normal Operation
70.84337349397524,1.753270111183771,4.690496286293039,1576.8115942028992,8.54545454545417,80.71428571428584,Normal Operation
72.87650602409649,1.7524525833878268,5.640783254557724,1586.4734299516938,9.454545454544451,81.51785714285711,Normal Operation
73.66716867469819,2.3974820143884874,6.415597569209989,1555.5555555555588,9.999999999998622,72.67857142857144,Normal Operation
79.31475903614408,2.359058207979067,5.837525320729241,1572.463768115941,10.090909090909717,65.44642857142858,Normal Operation
69.26204819277055,1.8293001962066668,5.501772451046588,1560.3864734299507,9.272727272726396,74.68750000000018,Normal Operation
81.79969879518057,2.1023544800523286,5.973497636731938,1578.2608695652168,9.545454545455549,71.87500000000017,Normal Operation
69.03614457831291,2.331262262916942,5.2830013504389,1650.7246376811597,9.363636363637491,86.33928571428586,Normal Operation
74.6837349397588,2.628024852844989,6.028190411883865,1578.2608695652168,9.909090909091661,79.91071428571428,Normal Operation
71.4081325301206,1.4524198822760024,4.909267386900745,1613.5265700483098,9.000000000001378,93.57142857142871,Normal Operation
83.71987951807172,2.24051667756703,5.738774476704936,1590.8212560386464,9.999999999998622,74.28571428571426,Normal Operation
79.540662650603,1.7344669718770516,6.268230925050633,1548.30917874396,10.272727272727774,68.66071428571423,Normal Operation
75.24849397590287,1.964192282537609,4.8879979743416655,1596.6183574879221,9.363636363637491,77.50000000000018,Normal Operation
64.0662650602412,1.8595487246566438,5.889179608372713,1592.2705314009695,9.545454545455549,76.69642857142864,Normal Operation
78.29819277108474,1.6257357750163464,5.771438217420657,1591.3043478260856,8.909090909090283,83.12499999999993,Normal Operation
71.06927710843415,2.061478090255076,5.975776502363267,1580.1932367149789,9.818181818180566,76.294642857143,Normal Operation
78.97590361445762,1.9069653368214514,5.531397704253889,1535.7487922705304,10.272727272727774,71.47321428571425,Normal Operation
77.959337349397,1.5807717462393716,5.719783929777185,1593.236714975848,9.454545454544451,78.30357142857146,Normal Operation
68.47138554216883,1.3428711576193524,5.863352464550977,1554.589371980675,9.272727272726396,77.09821428571428,Normal Operation
71.85993975903585,1.98544800523218,5.446320054017553,1634.2995169082164,9.000000000001378,85.5357142857143,Normal Operation
75.58734939759061,2.2813930673642826,6.212018906144488,1528.9855072463765,9.363636363637491,69.46428571428578,Normal Operation
71.52108433734941,1.3158927403531715,5.83828494260635,1610.1449275362356,9.272727272726396,86.7410714285715,Normal Operation
74.6837349397588,1.5717789404839841,5.052835921674537,1601.4492753623194,9.272727272726396,79.10714285714302,Normal Operation
74.00602409638591,1.965827338129498,5.328578663065496,1627.0531400966179,9.545454545455549,79.50892857142864,Normal Operation
76.26506024096349,2.613309352517991,5.856515867656992,1538.6473429951711,10.090909090909717,68.2589285714286,Normal Operation
72.31174698795112,1.9429365598430384,5.729659014179607,1607.246376811595,8.63636363636113,92.36607142857152,Normal Operation
70.39156626505998,2.1522236756049695,5.431127616475348,1578.743961352656,9.363636363637491,71.47321428571425,Normal Operation
81.46084337349413,1.9838129496402916,6.117825793382858,1549.7584541062831,10.363636363634736,67.85714285714297,Normal Operation
74.90963855421643,1.8963374754741567,5.345290344361921,1597.1014492753613,8.909090909090283,90.7589285714287,Normal Operation
76.71686746988004,1.9126880313930616,5.74637069547603,1579.227053140095,9.818181818180566,77.90178571428582,Normal Operation
80.3313253012047,2.3410725964682735,5.58305199189736,1560.3864734299507,10.272727272727774,68.2589285714286,Normal Operation
73.8930722891571,2.4032047089600974,6.004642133693458,1579.71014492754,9.999999999998622,67.85714285714297,Normal Operation
74.11897590361473,1.589764551994759,5.864871708305196,1599.0338164251234,9.999999999998622,80.31249999999991,Normal Operation
75.13554216867406,1.6175604970569029,5.121201890614449,1588.8888888888896,9.181818181819434,81.91964285714303,Normal Operation
78.07228915662583,2.2478744277305474,6.030469277515193,1547.3429951690819,10.727272727270847,71.87500000000017,Normal Operation
64.51807228915645,2.1113472858077165,5.7668804861580005,1625.120772946861,8.909090909090283,78.7053571428571,Normal Operation
73.21536144578292,2.020601700457823,6.017555705604317,1586.956521739133,10.636363636363887,70.26785714285705,Normal Operation
75.02259036144525,1.8064094179202073,5.1272788656313235,1590.8212560386464,8.818181818179188,76.294642857143,Normal Operation
71.97289156626468,1.5055591890124203,5.755486158001343,1604.34782608696,9.181818181819434,77.90178571428582,Normal Operation
84.17168674698826,2.6411052975801166,6.519665766374077,1540.0966183574885,10.181818181816679,78.7053571428571,Normal Operation
77.50753012048175,1.301177240026155,6.396607022282238,1525.603864734302,9.636363636362509,67.45535714285732,Normal Operation
72.76355421686766,1.9625572269457208,6.073767724510462,1580.1932367149789,9.818181818180566,73.88392857142861,Normal Operation
74.34487951807236,2.020601700457823,5.483541525995946,1638.16425120773,9.454545454544451,95.17857142857153,Normal Operation
82.47740963855475,2.386854153041192,6.920746117488187,1541.5458937198061,9.818181818180566,68.2589285714286,Normal Operation
72.65060240963885,1.6919555264878916,5.473666441593524,1606.7632850241557,9.727272727273604,83.52678571428585,Normal Operation
71.63403614457823,1.8652714192282538,4.98598919648886,1576.32850241546,9.454545454544451,82.32142857142867,Normal Operation
72.08584337349349,1.4573250490516685,5.121201890614449,1609.1787439613518,9.454545454544451,76.69642857142864,Normal Operation
74.45783132530117,2.048397645519948,5.461512491559757,1595.6521739130437,8.727272727272226,81.51785714285711,Normal Operation
75.02259036144525,2.2331589274035313,6.006920999324786,1601.9323671497586,9.636363636362509,73.08035714285707,Normal Operation
76.71686746988004,1.701765860039242,5.782832545577315,1605.3140096618383,9.727272727273604,66.25000000000014,Normal Operation
77.39457831325294,1.9543819489862588,6.221893990546928,1562.801932367152,10.090909090909717,75.49107142857144,Normal Operation
66.21234939758997,1.593034663178555,5.44859891964888,1581.1594202898573,9.636363636362509,79.50892857142864,Normal Operation
65.08283132530053,1.8546435578809592,5.242741390952052,1619.8067632850248,9.000000000001378,81.51785714285711,Normal Operation
71.63403614457823,1.716481360366258,6.050219446320055,1583.091787439614,9.363636363637491,82.72321428571429,Normal Operation
85.64006024096415,2.4056572923479305,5.77599594868333,1584.5410628019315,9.909090909091661,69.06250000000016,Normal Operation
75.81325301204824,1.8832570307390475,5.687120189061448,1603.8647342995207,10.181818181816679,64.64285714285732,Normal Operation
74.79668674698762,1.8889797253106577,6.326721809588124,1584.5410628019315,9.727272727273604,77.90178571428582,Normal Operation
74.90963855421643,2.699967298888163,6.412559081701552,1573.429951690825,9.818181818180566,73.88392857142861,Normal Operation
68.35843373494002,2.222531066056236,5.1447501688048565,1617.3913043478287,9.000000000001378,89.95535714285714,Normal Operation
75.13554216867406,1.6445389143230842,5.77599594868333,1573.429951690825,9.636363636362509,66.65178571428578,Normal Operation
70.27861445783117,2.24460431654677,5.858035111411211,1568.5990338164277,9.727272727273604,87.14285714285712,Normal Operation
70.73042168674642,1.7352844996729964,5.269328156650914,1611.5942028985532,9.636363636362509,81.91964285714303,Normal Operation
66.21234939758997,1.372302158273385,5.0824611748818365,1602.4154589371979,9.181818181819434,91.16071428571433,Normal Operation
69.71385542168709,1.2970896010464337,4.828747467927083,1649.275362318842,8.63636363636113,81.91964285714303,Normal Operation
71.29518072289179,0.6111837802485386,4.897873058744087,1637.681159420291,8.909090909090283,86.33928571428586,Normal Operation
75.02259036144525,1.543165467625896,5.260212694125585,1591.7874396135303,9.545454545455549,81.51785714285711,Normal Operation
72.08584337349349,1.862818835840421,4.900911546252525,1623.6714975845437,9.636363636362509,84.33035714285712,Normal Operation
66.4382530120476,0.9349247874427667,5.340732613099264,1605.3140096618383,9.363636363637491,84.73214285714303,Normal Operation
66.09939759036115,1.4573250490516685,5.06878798109385,1585.0241545893707,9.545454545455549,93.16964285714279,Normal Operation
77.62048192771056,1.748364944408105,5.845121539500335,1565.7004830917872,9.999999999998622,69.06250000000016,Normal Operation
77.50753012048175,2.155493786788747,5.394665766374064,1638.6473429951693,9.454545454544451,77.09821428571428,Normal Operation
81.79969879518057,2.431818181818186,6.358625928426735,1563.7681159420304,10.090909090909717,75.08928571428581,Normal Operation
67.90662650602349,2.073741007194241,5.507089804186354,1586.4734299516938,9.818181818180566,81.11607142857147,Normal Operation
76.15210843373468,2.036952256376709,5.589888588791362,1567.1497584541046,9.999999999998622,74.28571428571426,Normal Operation
66.4382530120476,2.042674950948338,5.771438217420657,1632.3671497584544,9.272727272726396,86.33928571428586,Normal Operation
72.1987951807223,1.2243296272073336,5.277683997299118,1593.236714975848,9.363636363637491,83.12499999999993,Normal Operation
65.19578313252934,1.4589601046435567,5.001941255908174,1642.028985507249,9.363636363637491,86.33928571428586,Normal Operation
62.14608433734877,1.8399280575539616,5.226789331532755,1628.9855072463802,8.818181818179188,83.52678571428585,Normal Operation
69.71385542168709,2.0819162851537025,5.605081026333567,1573.9130434782642,9.000000000001378,73.08035714285707,Normal Operation
71.85993975903585,1.8889797253106577,5.039162727886568,1593.236714975848,9.090909090908339,75.89285714285708,Normal Operation
82.02560240963821,1.9936232831916232,5.425810263335583,1575.8454106280208,9.363636363637491,77.09821428571428,Normal Operation
71.4081325301206,1.9911706998037901,5.043720459149224,1633.8164251207775,8.54545454545417,88.34821428571432,Normal Operation
77.84638554216819,1.684597776324393,5.555705604321405,1578.743961352656,9.818181818180566,70.26785714285705,Normal Operation
74.45783132530117,2.2241661216481434,5.958305199189734,1614.4927536231883,10.181818181816679,71.87500000000017,Normal Operation
70.61746987951761,1.7990516677567086,5.125759621877105,1592.7536231884087,8.909090909090283,84.73214285714303,Normal Operation
70.73042168674642,2.197187704381944,5.857275489534102,1584.5410628019315,9.454545454544451,69.86607142857142,Normal Operation
81.91265060240939,2.3991170699803757,5.7668804861580005,1563.7681159420304,10.181818181816679,74.28571428571426,Normal Operation
75.36144578313298,1.3257030739045217,5.051316677920318,1579.227053140095,8.818181818179188,90.35714285714278,Normal Operation
73.32831325301174,2.103172007848273,5.101451721809588,1597.1014492753613,9.363636363637491,81.11607142857147,Normal Operation
69.8268072289159,1.8472858077174603,4.4383018230925035,1595.6521739130437,8.818181818179188,83.92857142857149,Normal Operation
62.259036144577586,1.6862328319162811,5.573176907494938,1628.0193236715018,8.909090909090283,84.33035714285712,Normal Operation
74.23192771084354,1.4581425768476126,5.595965563808237,1613.5265700483098,8.454545454543075,85.5357142857143,Normal Operation
75.70030120481943,2.27321778940484,6.075286968264681,1587.4396135265722,9.636363636362509,70.26785714285705,Normal Operation
80.44427710843351,2.9509483322432914,6.260634706279539,1553.1400966183573,9.999999999998622,70.26785714285705,Normal Operation
78.18524096385593,1.6518966644866016,5.28224172856179,1636.7149758454125,8.909090909090283,85.13392857142867,Normal Operation
69.14909638554172,1.6028449967298868,5.733457123565154,1597.1014492753613,8.909090909090283,90.7589285714287,Normal Operation
70.39156626505998,1.5832243296272046,5.4372045914922404,1608.6956521739125,9.454545454544451,87.94642857142868,Normal Operation
67.90662650602349,1.3911052975801228,5.071066846725179,1631.8840579710152,8.54545454545417,79.50892857142864,Normal Operation
71.74698795180704,1.8652714192282538,4.9404118838622635,1575.8454106280208,9.000000000001378,84.33035714285712,Normal Operation
72.9894578313253,1.3052648790058954,5.835246455097913,1614.9758454106275,9.272727272726396,75.49107142857144,Normal Operation
69.8268072289159,1.7761608894702492,5.06878798109385,1609.1787439613518,9.363636363637491,86.33928571428586,Normal Operation
69.48795180722817,1.7565402223675668,5.166019581363936,1610.1449275362356,9.363636363637491,87.14285714285712,Normal Operation
67.90662650602349,1.990353172007846,5.580013504388923,1600.483091787441,9.636363636362509,73.88392857142861,Normal Operation
68.35843373494002,1.6371811641595853,5.7668804861580005,1603.381642512076,9.818181818180566,71.47321428571425,Normal Operation
70.73042168674642,2.1088947024198834,5.692437542201214,1572.9468599033803,9.181818181819434,90.35714285714278,Normal Operation
72.08584337349349,1.7990516677567086,5.7418129642133735,1595.1690821256045,9.363636363637491,74.28571428571426,Normal Operation
71.63403614457823,1.745094833224328,5.390108035111408,1611.5942028985532,9.090909090908339,82.72321428571429,Normal Operation
72.76355421686766,2.1039895356442173,5.3270594193112775,1590.8212560386464,9.999999999998622,78.7053571428571,Normal Operation
77.62048192771056,2.1955526487900556,5.865631330182305,1552.1739130434792,9.818181818180566,72.67857142857144,Normal Operation
74.57078313252998,2.1391432308698417,6.030469277515193,1598.0676328502452,9.818181818180566,74.28571428571426,Normal Operation
76.82981927710887,1.31752779594506,5.291357191087103,1626.5700483091787,9.727272727273604,75.89285714285708,Normal Operation
68.69728915662647,1.860366252452588,5.257933828494257,1594.6859903381653,9.636363636362509,90.7589285714287,Normal Operation
73.55421686746936,1.5006540222367541,5.5496286293045305,1630.4347826086976,8.909090909090283,89.5535714285715,Normal Operation
70.61746987951761,1.7630804447351216,5.790428764348408,1596.135265700483,9.090909090908339,77.09821428571428,Normal Operation
66.89006024096415,1.490026160889478,4.666188386225522,1602.8985507246368,8.909090909090283,92.76785714285715,Normal Operation
73.8930722891571,1.333878351863965,5.118163403106012,1566.1835748792262,9.636363636362509,78.30357142857146,Normal Operation
72.31174698795112,1.8137671680837064,5.431127616475348,1635.2657004830949,8.909090909090283,88.34821428571432,Normal Operation
69.93975903614472,1.9045127534336184,5.680283592167446,1614.9758454106275,9.181818181819434,73.48214285714299,Normal Operation
68.35843373494002,2.0304120340091547,4.690496286293039,1614.009661835749,8.909090909090283,89.15178571428588,Normal Operation
73.66716867469819,1.802321778940486,5.649898717083054,1599.0338164251234,9.000000000001378,79.50892857142864,Normal Operation
71.4081325301206,1.7565402223675668,5.5617825793382805,1584.5410628019315,9.727272727273604,83.92857142857149,Normal Operation
72.31174698795112,1.546435578809673,5.433406482106676,1644.927536231884,9.636363636362509,85.5357142857143,Normal Operation
66.5512048192764,1.606115107913664,5.4501181634031,1628.9855072463802,8.818181818179188,87.14285714285712,Normal Operation
70.50451807228879,1.6216481360366246,6.2484807562457725,1585.0241545893707,9.818181818180566,76.69642857142864,Normal Operation
71.97289156626468,1.8783518639633816,5.1576637407157335,1547.826086956521,9.181818181819434,82.72321428571429,Normal Operation
68.81024096385528,1.6862328319162811,6.249240378122882,1585.5072463768154,10.090909090909717,77.50000000000018,Normal Operation
72.08584337349349,2.059843034663168,4.91458474004051,1627.0531400966179,8.909090909090283,85.93749999999994,Normal Operation
78.18524096385593,1.6077501635055527,5.933997299122217,1566.1835748792262,9.818181818180566,75.08928571428581,Normal Operation
73.8930722891571,1.9911706998037901,5.381752194463204,1608.6956521739125,9.181818181819434,82.72321428571429,Normal Operation
80.55722891566234,2.402387181164153,6.047940580688726,1538.164251207732,10.636363636363887,69.46428571428578,Normal Operation
74.45783132530117,2.0549378678875025,5.501772451046588,1620.7729468599032,8.909090909090283,80.71428571428584,Normal Operation
71.06927710843415,1.860366252452588,5.528359216745434,1585.5072463768154,10.272727272727774,72.27678571428581,Normal Operation
73.780120481927,2.1939175931981665,5.778274814314658,1573.429951690825,9.818181818180566,72.27678571428581,Overheating
79.76656626506062,2.783355134074558,7.0005064145847395,1483.091787439616,10.818181818181944,57.008928571428555,Overheating
75.92620481927706,2.2928384565075217,6.240884537474679,1565.217391304348,10.636363636363887,63.839285714285765,Overheating
77.50753012048175,2.2421517331589182,6.193028359216736,1596.135265700483,9.090909090908339,67.85714285714297,Overheating
80.78313253011996,2.732668410725955,7.247383524645509,1510.144927536232,10.636363636363887,58.616071428571374,Overheating
79.65361445783181,2.426913015042501,6.6981769074949336,1526.5700483091805,9.818181818180566,67.85714285714297,Overheating
80.3313253012047,1.65353172007849,5.487339635381494,1564.7342995169088,9.181818181819434,73.88392857142861,Overheating
84.28463855421708,2.980379332897324,6.128460499662388,1518.8405797101427,9.818181818180566,59.41964285714293,Overheating
76.82981927710887,3.1030085022890828,6.589550979068191,1526.0869565217413,10.272727272727774,60.625000000000114,Overheating
77.73343373493938,2.855297580117714,7.3400573936529385,1514.49275362319,10.636363636363887,55.00000000000009,Overheating
84.62349397590353,3.035971223021575,6.708051991897373,1541.062801932367,10.636363636363887,59.82142857142856,Overheating
77.73343373493938,2.6754414650098153,6.611580013504397,1531.884057971017,9.999999999998622,57.41071428571448,Overheating
82.59036144578357,3.0490516677567023,6.784773801485489,1509.6618357487928,10.363636363634736,59.82142857142856,Overheating
81.46084337349413,1.24068018312622,6.297096556380824,1521.256038647344,9.909090909091661,67.85714285714297,Overheating
81.34789156626532,2.099084368868533,6.262913571910868,1541.062801932367,9.818181818180566,66.25000000000014,Overheating
77.62048192771056,2.301831262262909,6.21885550303849,1599.0338164251234,9.909090909091661,69.06250000000016,Overheating
76.03915662650587,2.9517658600392362,6.789331532748145,1536.7149758454088,10.545454545452792,51.78571428571445,Overheating
77.73343373493938,2.574068018312627,7.4798278190411835,1490.338164251209,10.181818181816679,55.40178571428573,Overheating
88.46385542168709,2.5593525179856105,6.222653612424037,1526.5700483091805,10.090909090909717,52.18750000000008,Overheating
79.20180722891526,2.3974820143884874,7.120526671168124,1519.8067632850266,10.818181818181944,63.03571428571421,Overheating
74.23192771084354,2.759646827992154,6.761985145172173,1504.3478260869563,10.363636363634736,57.008928571428555,Overheating
78.97590361445762,1.6249182472204018,6.3836934503713785,1564.7342995169088,10.181818181816679,58.21428571428574,Overheating
80.89608433734877,2.017331589274027,6.503713706954763,1516.4251207729467,10.272727272727774,65.04464285714295,Overheating
77.1686746987953,2.1473185088293034,6.32216407832545,1526.5700483091805,9.999999999998622,62.23214285714294,Overheating
80.10542168674706,2.3737737083060835,7.004304523970287,1533.8164251207738,10.363636363634736,61.42857142857139,Overheating
71.97289156626468,1.8440156965336831,5.867910195813633,1576.32850241546,9.636363636362509,70.66964285714297,Overheating
77.28162650602411,2.3247220405493687,6.687542201215402,1506.763285024152,10.727272727270847,63.43750000000013,Overheating
83.49397590361409,2.3010137344669648,6.771100607697503,1535.2657004830912,9.999999999998622,59.82142857142856,Overheating
79.20180722891526,2.701602354480052,6.40268399729913,1547.3429951690819,10.545454545452792,55.80357142857136,Overheating
83.15512048192764,2.50539568345323,6.130739365293717,1534.2995169082128,9.999999999998622,66.25000000000014,Overheating
78.63704819277119,2.440810987573573,6.64120526671168,1502.4154589371994,9.909090909091661,65.84821428571422,Overheating
77.73343373493938,3.221550032701102,7.553511141120861,1532.3671497584562,10.363636363634736,45.357142857142875,Overheating
82.70331325301238,2.759646827992154,6.822754895340992,1514.49275362319,10.363636363634736,65.04464285714295,Overheating
79.31475903614408,2.803793328973184,6.75362930452397,1538.164251207732,10.545454545452792,59.41964285714293,Overheating
89.59337349397651,2.699967298888163,6.628291694800803,1540.0966183574885,10.363636363634736,55.80357142857136,Overheating
80.89608433734877,2.2625899280575448,6.532579338284936,1564.2512077294696,9.818181818180566,69.46428571428578,Overheating
83.38102409638527,2.4612491824721996,7.169902093180284,1513.0434782608725,11.0,57.008928571428555,Overheating
83.71987951807172,3.0253433616742984,6.572079675894658,1536.2318840579696,9.999999999998622,61.42857142857139,Overheating
77.05572289156649,2.9378678875081636,7.192690749493583,1545.410628019325,10.363636363634736,57.41071428571448,Overheating
79.540662650603,1.9780902550686625,6.590310600945299,1533.8164251207738,10.090909090909717,71.87500000000017,Overheating
74.11897590361473,2.2699476782210626,6.21809588116138,1555.0724637681142,10.181818181816679,55.80357142857136,Overheating
72.87650602409649,2.285480706344023,5.994767049291019,1552.1739130434792,9.545454545455549,71.07142857142861,Overheating
81.46084337349413,1.958469587965999,6.447501688048617,1554.589371980675,10.363636363634736,65.44642857142858,Overheating
81.34789156626532,2.7514715500326927,6.5158676569885134,1517.391304347825,10.181818181816679,64.2410714285714,Overheating
81.12198795180768,2.9051667756703723,6.914669142471294,1516.908212560386,9.999999999998622,62.63392857142858,Overheating
85.86596385542177,2.3549705689993456,7.452481431465229,1506.2801932367129,9.727272727273604,58.21428571428574,Overheating
86.31777108433704,2.7653695225637644,7.501856853477372,1499.9999999999982,11.272727272729153,59.82142857142856,Overheating
80.67018072289113,1.6911379986919473,6.961006076975018,1563.7681159420304,11.272727272729153,70.66964285714297,Overheating
78.63704819277119,2.5062132112491744,7.632511816340305,1476.3285024154563,10.363636363634736,60.2232142857142,Overheating
84.62349397590353,2.5233812949640235,6.914669142471294,1537.6811594202927,9.545454545455549,66.65178571428578,Overheating
83.71987951807172,1.745094833224328,6.514348413234294,1543.9613526570074,10.45454545454583,65.84821428571422,Overheating
73.32831325301174,2.565075212557221,6.018315327481426,1528.5024154589373,9.909090909091661,59.017857142857295,Overheating
85.64006024096415,2.599411379986919,6.268990546927743,1524.1545893719792,10.818181818181944,57.008928571428555,Overheating
80.10542168674706,1.9135055591890058,6.50751181634031,1515.4589371980685,10.363636363634736,62.23214285714294,Overheating
89.93222891566296,2.0729234793982965,6.430790006752194,1514.49275362319,10.45454545454583,59.017857142857295,Overheating
72.65060240963885,2.3247220405493687,6.520425388251186,1533.8164251207738,9.545454545455549,65.84821428571422,Overheating
79.42771084337289,2.3410725964682735,6.467251856853478,1535.7487922705304,10.545454545452792,59.017857142857295,Overheating
82.59036144578357,2.938685415304108,6.4809250506414635,1540.0966183574885,10.272727272727774,50.178571428571345,Overheating
77.959337349397,2.372138652714195,5.802582714382176,1549.275362318844,9.818181818180566,73.08035714285707,Overheating
79.42771084337289,1.848920863309349,6.357866306549626,1542.9951690821235,9.727272727273604,63.43750000000013,Overheating
82.47740963855475,2.6296599084368775,6.979996623902769,1534.782608695652,10.727272727270847,61.02678571428576,Overheating
80.89608433734877,3.0277959450621315,6.4209149223497555,1557.4879227053157,10.272727272727774,63.43750000000013,Overheating
82.25150602409585,2.484139960758659,6.800725860904786,1551.2077294686007,10.363636363634736,76.69642857142864,Overheating
78.29819277108474,2.5274689339437453,5.97273801485483,1578.2608695652168,9.545454545455549,76.69642857142864,Overheating
79.42771084337289,2.848757357750159,6.948852126941251,1538.164251207732,9.909090909091661,67.45535714285732,Overheating
82.13855421686702,2.3876716808371556,6.6784267386900735,1513.0434782608725,10.090909090909717,64.64285714285732,Overheating
74.6837349397588,2.3917593198168774,6.347991222147204,1568.1159420289885,10.272727272727774,61.02678571428576,Overheating
80.67018072289113,2.7482014388489153,6.148970290344359,1547.826086956521,10.090909090909717,63.03571428571421,Overheating
81.34789156626532,2.526651406147801,7.032410533423368,1568.5990338164277,9.999999999998622,62.63392857142858,Overheating
75.24849397590287,2.1931000654022226,6.190749493585408,1572.463768115941,8.727272727272226,68.66071428571423,Overheating
80.89608433734877,2.228253760627865,6.053257933828492,1571.4975845410627,10.545454545452792,63.03571428571421,Overheating
78.97590361445762,2.4220078482668352,6.874409182984463,1518.8405797101427,10.363636363634736,65.04464285714295,Overheating
79.65361445783181,3.031066056245909,6.870611073598916,1488.8888888888914,10.636363636363887,58.21428571428574,Overheating
74.23192771084354,2.222531066056236,6.055536799459819,1588.4057971014504,9.727272727273604,79.50892857142864,Overheating
83.04216867469883,2.3974820143884874,6.1163065496286215,1549.275362318844,9.727272727273604,67.85714285714297,Overheating
79.87951807228944,2.270765206017007,5.861833220796758,1563.7681159420304,9.545454545455549,85.13392857142867,Overheating
83.15512048192764,1.633911052975808,6.994429439567865,1505.797101449274,10.181818181816679,70.66964285714297,Overheating
84.05873493975945,3.588620013080434,7.3674037812288935,1509.1787439613536,10.727272727270847,58.616071428571374,Overheating
88.23795180722945,2.8013407455853514,7.3149898717083115,1512.5603864734278,11.272727272729153,54.59821428571446,Overheating
85.3012048192777,3.176586003924127,6.859976367319385,1553.6231884057966,10.363636363634736,65.84821428571422,Overheating
77.50753012048175,1.6919555264878916,6.946573261309922,1522.2222222222224,11.181818181818056,63.839285714285765,Overheating
77.39457831325294,1.8775343361674373,6.530300472653608,1541.062801932367,10.818181818181944,64.64285714285732,Overheating
83.60692771084291,2.598593852190975,6.490800135043886,1499.516908212559,9.636363636362509,60.2232142857142,Overheating
77.05572289156649,2.6362001308044505,6.191509115462518,1531.884057971017,9.636363636362509,69.06250000000016,Overheating
89.70632530120534,2.440810987573573,6.550050641458469,1539.6135265700493,10.636363636363887,53.39285714285727,Overheating
83.04216867469883,2.8373119686069384,6.726282916948016,1549.7584541062831,9.999999999998622,55.80357142857136,Overheating
80.10542168674706,2.816056245912349,5.845881161377444,1515.9420289855075,10.909090909088905,66.25000000000014,Overheating
72.76355421686766,2.4310006540222417,6.253038487508446,1536.2318840579696,9.545454545455549,69.86607142857142,Overheating
80.89608433734877,2.618214519293657,6.55764686022958,1514.0096618357509,10.636363636363887,57.81250000000011,Overheating
72.1987951807223,2.7604643557880983,5.768399729912219,1585.5072463768154,9.636363636362509,77.09821428571428,Overheating
78.63704819277119,1.9952583387835119,6.195307224848082,1563.2850241545912,9.636363636362509,63.43750000000013,Overheating
69.93975903614472,1.6159254414650144,6.307731262660373,1586.956521739133,9.999999999998622,71.07142857142861,Overheating
79.87951807228944,3.0114453891432262,7.302835921674545,1524.1545893719792,10.363636363634736,63.43750000000013,Overheating
69.71385542168709,2.5013080444735083,6.3434334908845305,1549.275362318844,10.272727272727774,65.04464285714295,Overheating
79.87951807228944,2.232341399607587,7.058997299122213,1542.0289855072454,10.363636363634736,68.2589285714286,Overheating
81.12198795180768,2.641922825376061,7.692521944631997,1500.4830917874374,10.181818181816679,59.41964285714293,Overheating
81.91265060240939,2.419555264879002,7.094699527346388,1517.8743961352643,9.909090909091661,61.83035714285731,Overheating
74.90963855421643,2.3459777632439396,6.737677245104655,1570.5314009661843,9.999999999998622,68.2589285714286,Overheating
83.04216867469883,2.2208960104643474,6.933659689399046,1511.1111111111104,10.818181818181944,56.20535714285728,Overheating
73.21536144578292,2.696697187704386,6.187711006076971,1530.9178743961331,10.818181818181944,61.42857142857139,Overheating
84.73644578313234,1.8399280575539616,6.926063470627952,1500.4830917874374,11.181818181818056,48.97321428571444,Overheating
78.29819277108474,2.613309352517991,7.071910871033089,1528.5024154589373,9.909090909091661,65.84821428571422,Overheating
79.87951807228944,2.430183126226297,6.8106009453072245,1487.4396135265686,10.636363636363887,62.23214285714294,Overheating
80.67018072289113,2.644375408763894,6.821995273463882,1542.9951690821235,9.545454545455549,67.45535714285732,Overheating
78.29819277108474,2.0132439502943056,6.437626603646178,1563.2850241545912,9.818181818180566,76.69642857142864,Overheating
87.10843373494002,2.352517985611513,6.657916948008102,1528.5024154589373,10.818181818181944,56.20535714285728,Overheating
85.18825301204888,2.83158927403531,6.7331195138419995,1515.4589371980685,10.363636363634736,59.82142857142856,Overheating
78.41114457831355,1.8006867233485973,6.427751519243757,1554.589371980675,10.636363636363887,71.87500000000017,Overheating
70.61746987951761,2.474329627207327,6.042623227548961,1560.8695652173897,9.909090909091661,66.25000000000014,Overheating
77.50753012048175,2.520111183780246,6.1041525995948716,1541.062801932367,9.636363636362509,64.64285714285732,Overheating
82.47740963855475,2.641922825376061,6.807562457798787,1487.9227053140078,10.272727272727774,68.2589285714286,Overheating
79.20180722891526,2.3966644865925426,6.474848075624572,1526.0869565217413,9.909090909091661,65.44642857142858,Overheating
81.23493975903651,2.031229561805099,6.336596893990546,1534.2995169082128,9.909090909091661,69.86607142857142,Overheating
76.71686746988004,2.6435578809679496,6.42395340985821,1528.9855072463765,10.909090909088905,63.03571428571421,Overheating
79.76656626506062,2.4661543492478657,6.489280891289668,1562.3188405797127,10.272727272727774,67.85714285714297,Overheating
80.44427710843351,2.708960104643551,6.762744767049282,1589.3719806763288,10.45454545454583,69.46428571428578,Overheating
74.6837349397588,2.4825049051667705,6.367741390952064,1557.4879227053157,9.818181818180566,70.26785714285705,Overheating
80.3313253012047,2.931327665140609,6.385972316002706,1534.2995169082128,10.090909090909717,71.07142857142861,Overheating
83.94578313253064,2.7841726618705023,6.517386900742749,1531.4009661835778,10.363636363634736,64.64285714285732,Overheating
77.50753012048175,2.2805755395683383,6.18847062795408,1517.8743961352643,9.909090909091661,65.44642857142858,Overheating
80.55722891566234,2.27321778940484,6.985313977042535,1548.7922705313993,10.818181818181944,56.20535714285728,Overheating
85.97891566265059,2.730215827338122,6.741475354490202,1519.3236714975874,9.999999999998622,64.64285714285732,Overheating
80.3313253012047,2.3328973185088304,7.090901417960841,1539.1304347826103,9.727272727273604,68.66071428571423,Overheating
72.53765060241004,1.5047416612164757,6.910871033085748,1533.8164251207738,9.818181818180566,73.48214285714299,Overheating
83.15512048192764,2.05820797907128,6.017555705604317,1567.6328502415492,9.454545454544451,77.50000000000018,Overheating
83.71987951807172,2.5814257684761257,7.403865631330178,1499.0338164251198,11.0,59.41964285714293,Overheating
83.26807228915646,2.9018966644865953,7.234469952734632,1542.0289855072454,10.636363636363887,61.42857142857139,Overheating
78.97590361445762,2.337802485284496,6.639686022957461,1593.719806763287,10.090909090909717,76.294642857143,Overheating
72.87650602409649,2.639470241988228,6.746792707629986,1547.3429951690819,10.090909090909717,63.839285714285765,Overheating
83.15512048192764,3.241988227599728,7.472991222147199,1526.5700483091805,10.909090909088905,53.39285714285727,Overheating
76.60391566264994,2.202910398953554,6.4687711006076976,1566.1835748792262,9.727272727273604,70.66964285714297,Overheating
88.35090361445828,2.43263570961413,6.938977042538829,1526.0869565217413,10.272727272727774,56.20535714285728,Overheating
80.78313253011996,1.4491497710922252,6.92758271438217,1566.1835748792262,9.727272727273604,69.06250000000016,Overheating
86.65662650602476,2.5372792674950952,6.637407157326132,1507.2463768115967,9.818181818180566,54.59821428571446,Overheating
82.36445783132594,2.611674296926084,6.603983794733286,1514.9758454106293,10.636363636363887,65.84821428571422,Overheating
84.17168674698826,2.011608894702417,6.823514517218101,1564.7342995169088,9.727272727273604,63.03571428571421,Overheating
81.34789156626532,3.0016350555918945,5.700033760972325,1509.1787439613536,10.363636363634736,70.66964285714297,Overheating
82.02560240963821,2.546272073250483,6.721725185685342,1503.3816425120779,10.636363636363887,58.21428571428574,Overheating
80.67018072289113,2.3606932635709557,6.959486833220799,1546.8599033816427,10.545454545452792,66.65178571428578,Overheating
84.73644578313234,1.562786134728578,5.975016880486157,1557.0048309178765,9.545454545455549,80.31249999999991,Overheating
80.78313253011996,2.3001962066710204,6.7331195138419995,1546.8599033816427,9.909090909091661,68.2589285714286,Overheating
79.42771084337289,2.0761935905820734,6.228730587440912,1572.9468599033803,9.909090909091661,75.08928571428581,Overheating
79.87951807228944,2.05248528449967,6.513588791357185,1541.5458937198061,9.545454545455549,65.04464285714295,Overheating
81.23493975903651,1.5415304120340072,6.37305874409183,1583.091787439614,10.636363636363887,69.06250000000016,Overheating
86.31777108433704,2.445716154349239,6.429270762997975,1531.4009661835778,10.727272727270847,59.017857142857295,Overheating
81.00903614457887,2.9296926095487206,6.110989196488855,1533.3333333333346,10.45454545454583,56.607142857142925,Overheating
82.70331325301238,2.3051013734466865,7.030131667792039,1520.7729468599048,11.181818181818056,64.2410714285714,Overheating
79.08885542168645,1.8718116415958086,6.566002700877783,1543.4782608695682,10.090909090909717,77.09821428571428,Overheating
80.3313253012047,2.6002289077828635,6.59866644159352,1536.2318840579696,9.545454545455549,70.66964285714297,Overheating
79.08885542168645,2.2290712884238095,6.418636056718427,1557.9710144927546,9.636363636362509,74.28571428571426,Overheating
78.41114457831355,2.292020928711578,7.188133018230927,1518.3574879227035,10.545454545452792,69.06250000000016,Overheating
81.79969879518057,2.099901896664477,7.31802835921675,1517.8743961352643,10.636363636363887,64.64285714285732,Overheating
75.24849397590287,2.874100719424452,6.775658338960159,1591.3043478260856,10.363636363634736,69.86607142857142,Overheating
80.3313253012047,3.1586003924133337,6.685263335584057,1515.4589371980685,11.090909090906962,52.18750000000008,Overheating
87.56024096385528,2.0631131458469643,7.016458474004054,1512.0772946859886,10.818181818181944,62.63392857142858,Overheating
79.08885542168645,2.112164813603661,6.929101958136389,1560.8695652173897,9.727272727273604,61.83035714285731,Overheating
74.6837349397588,2.827501635055588,6.4809250506414635,1554.589371980675,9.999999999998622,55.40178571428573,Overheating
76.94277108433766,2.372138652714195,6.904794058068873,1540.5797101449277,10.090909090909717,61.42857142857139,Overheating
84.17168674698826,2.5397318508829283,6.570560432140439,1537.6811594202927,9.818181818180566,67.85714285714297,Overheating
83.71987951807172,3.153695225637668,7.011141120864289,1532.3671497584562,10.727272727270847,48.16964285714289,Overheating
78.41114457831355,2.3116415958142595,6.904794058068873,1539.6135265700493,10.727272727270847,58.616071428571374,Overheating
77.84638554216819,2.740843688685416,6.758946657663736,1567.1497584541046,9.818181818180566,65.44642857142858,Overheating
78.18524096385593,2.2094506213211274,5.453916272788664,1617.874396135268,9.363636363637491,73.88392857142861,Overheating
74.45783132530117,2.7171353826030122,7.0179777177582725,1513.5265700483117,10.727272727270847,54.19642857142854,Overheating
77.1686746987953,2.851209941137992,6.0266711681296465,1552.1739130434792,10.45454545454583,71.87500000000017,Overheating
84.05873493975945,2.088456507521257,7.093180283592169,1527.0531400966197,10.818181818181944,64.64285714285732,Overheating
75.70030120481943,2.233976455199475,5.7592842673869065,1592.2705314009695,9.636363636362509,69.86607142857142,Overheating
79.08885542168645,2.1358731196860643,6.862255232950714,1563.7681159420304,10.181818181816679,68.66071428571423,Overheating
79.87951807228944,1.6110202746893485,6.3434334908845305,1558.937198067633,10.272727272727774,65.04464285714295,Overheating
72.76355421686766,2.131785480706343,6.5735989196488935,1538.164251207732,9.363636363637491,69.86607142857142,Overheating
82.8162650602412,2.4637017658600326,7.096978392977716,1504.8309178743955,11.181818181818056,53.794642857142904,Overheating
78.41114457831355,2.1603989535644126,6.529540850776499,1564.2512077294696,10.818181818181944,61.83035714285731,Overheating
77.39457831325294,2.031229561805099,5.501012829169479,1597.584541062806,9.000000000001378,73.88392857142861,Overheating
85.75301204819296,2.8446697187704375,6.107191087103309,1549.7584541062831,9.909090909091661,63.03571428571421,Overheating
80.78313253011996,3.031066056245909,6.707292370020264,1511.5942028985494,9.818181818180566,57.008928571428555,Overheating
81.79969879518057,2.0631131458469643,6.426232275489538,1570.5314009661843,9.545454545455549,65.04464285714295,Overheating
85.3012048192777,2.5250163505559122,6.905553679945982,1503.864734299517,11.363636363636113,57.008928571428555,Overheating
79.65361445783181,2.483322432962715,6.72400405131667,1513.5265700483117,9.636363636362509,61.83035714285731,Overheating
80.67018072289113,1.8660889470241981,6.199864956110739,1617.874396135268,8.909090909090283,70.66964285714297,Overheating
80.55722891566234,1.7246566383257016,5.785871033085752,1523.1884057971008,10.363636363634736,69.06250000000016,Overheating
82.8162650602412,2.3026487900588535,6.920746117488187,1517.391304347825,9.999999999998622,53.39285714285727,Overheating
74.45783132530117,1.6363636363636407,5.480503038487509,1570.5314009661843,10.363636363634736,75.89285714285708,Overheating
78.86295180722882,2.7751798561150967,6.974679270763003,1475.8454106280171,10.45454545454583,69.46428571428578,Overheating
84.05873493975945,3.037606278613463,7.493501012829169,1526.0869565217413,10.45454545454583,59.017857142857295,Overheating
72.65060240963885,2.7678221059515975,6.4581363943281485,1566.1835748792262,9.454545454544451,65.04464285714295,Overheating
92.07831325301174,3.0817527795944937,7.072670492910199,1488.4057971014468,11.54545454545417,52.58928571428572,Overheating
82.59036144578357,2.112164813603661,6.613858879135725,1520.7729468599048,10.545454545452792,63.43750000000013,Overheating
80.89608433734877,2.5904185742315136,6.3138082376772475,1505.797101449274,10.363636363634736,59.41964285714293,Overheating
73.66716867469819,2.153041203400914,6.113268062120184,1628.9855072463802,9.181818181819434,67.45535714285732,Overheating
76.03915662650587,2.055755395683447,6.234047940580695,1547.3429951690819,10.272727272727774,67.85714285714297,Overheating
85.97891566265059,2.826684107259644,7.588453747467927,1551.2077294686007,9.727272727273604,57.41071428571448,Overheating
83.15512048192764,2.1088947024198834,6.078325455773118,1539.1304347826103,9.818181818180566,65.84821428571422,Overheating
83.38102409638527,2.762099411379987,6.7460330857528765,1484.5410628019333,11.0,59.82142857142856,Overheating
79.08885542168645,2.5274689339437453,7.146353814989877,1529.4685990338157,10.636363636363887,57.41071428571448,Overheating
75.47439759036179,2.382766514061471,6.542454422687375,1561.3526570048346,10.090909090909717,71.47321428571425,Overheating
83.04216867469883,2.2642249836494335,6.911630654962857,1544.4444444444466,11.0,53.39285714285727,Overheating
80.89608433734877,2.417102681491169,6.941255908170157,1546.3768115942034,9.454545454544451,71.07142857142861,Overheating
78.29819277108474,2.421190320470891,6.580435516542877,1562.801932367152,10.181818181816679,63.839285714285765,Overheating
82.36445783132594,2.178384565075206,6.531819716407827,1539.1304347826103,9.909090909091661,66.25000000000014,Overheating
78.07228915662583,1.9690974493132751,5.594446320054018,1617.3913043478287,9.272727272726396,73.48214285714299,Overheating
63.953313253011096,2.121157619359048,5.461512491559757,1610.1449275362356,9.636363636362509,80.71428571428584,Pressure Drop
81.34789156626532,2.6599084368868544,6.304692775151918,1526.0869565217413,9.909090909091661,67.45535714285732,Pressure Drop
70.73042168674642,2.386854153041192,5.826130992572583,1601.4492753623194,9.181818181819434,71.07142857142861,Pressure Drop
77.73343373493938,2.414650098103337,6.774898717083049,1524.1545893719792,10.727272727270847,65.44642857142858,Pressure Drop
65.64759036144589,1.4622302158273341,5.781313301823095,1579.227053140095,8.909090909090283,77.09821428571428,Pressure Drop
68.35843373494002,1.8162197514715577,6.420155300472645,1604.8309178743991,9.000000000001378,83.92857142857149,Pressure Drop
79.540662650603,2.5356442119032065,6.820476029709663,1538.164251207732,10.636363636363887,65.84821428571422,Pressure Drop
76.26506024096349,2.0712884238064078,6.0418636056718515,1583.5748792270533,9.727272727273604,73.08035714285707,Pressure Drop
75.81325301204824,2.2159908436886817,6.711090479405811,1575.8454106280208,10.272727272727774,75.49107142857144,Pressure Drop
71.4081325301206,2.09090909090909,5.231347062795411,1600.0000000000018,9.454545454544451,88.74999999999996,Pressure Drop
76.82981927710887,2.3459777632439396,6.239365293720461,1583.5748792270533,9.999999999998622,71.07142857142861,Pressure Drop
73.780120481927,2.0508502289077812,5.599004051316674,1571.4975845410627,9.272727272726396,80.71428571428584,Pressure Drop
82.25150602409585,1.4867560497056824,6.32292370020256,1538.164251207732,10.181818181816679,67.85714285714297,Pressure Drop
79.87951807228944,2.001798561151085,6.591829844699519,1558.937198067633,10.090909090909717,59.41964285714293,Pressure Drop
69.03614457831291,1.6183780248528472,5.700033760972325,1616.9082125603895,9.636363636362509,82.32142857142867,Pressure Drop
72.1987951807223,1.7704381948986203,6.094277515192433,1573.9130434782642,9.272727272726396,73.08035714285707,Pressure Drop
78.97590361445762,2.1432308698495817,6.361664415935172,1514.9758454106293,10.545454545452792,61.42857142857139,Pressure Drop
73.66716867469819,1.7295618051013673,6.2462018906144445,1613.0434782608706,9.636363636362509,73.88392857142861,Pressure Drop
75.02259036144525,2.4489862655330352,6.43610735989196,1546.3768115942034,9.727272727273604,66.25000000000014,Pressure Drop
82.02560240963821,2.3950294310006544,6.6807056043214015,1571.0144927536235,10.45454545454583,61.42857142857139,Pressure Drop
77.50753012048175,2.1497710922171365,6.413318703578661,1576.8115942028992,10.363636363634736,68.66071428571423,Pressure Drop
72.9894578313253,1.4172661870503598,5.7995442268737385,1573.429951690825,9.363636363637491,72.67857142857144,Pressure Drop
80.78313253011996,2.2813930673642826,6.401924375422004,1565.217391304348,9.999999999998622,66.65178571428578,Pressure Drop
75.58734939759061,2.4996729888816196,6.0388251181633965,1538.6473429951711,9.818181818180566,71.07142857142861,Pressure Drop
77.50753012048175,2.464519293655977,6.975438892640113,1531.4009661835778,9.999999999998622,64.64285714285732,Pressure Drop
69.48795180722817,1.8178548070634464,5.504051316677916,1590.3381642512072,8.909090909090283,75.89285714285708,Pressure Drop
74.11897590361473,1.8145846958796505,5.425810263335583,1628.0193236715018,8.909090909090283,77.90178571428582,Pressure Drop
78.63704819277119,2.148953564421192,6.1709993247805475,1536.2318840579696,9.454545454544451,75.08928571428581,Pressure Drop
78.86295180722882,2.0132439502943056,6.6685516542876515,1559.4202898550723,10.090909090909717,60.2232142857142,Pressure Drop
81.68674698795176,1.9306736429038551,5.97273801485483,1538.6473429951711,9.454545454544451,65.04464285714295,Pressure Drop
75.81325301204824,2.2241661216481434,6.1611242403781254,1548.30917874396,10.272727272727774,59.41964285714293,Pressure Drop
76.15210843373468,2.870830608240674,6.335077650236327,1564.2512077294696,10.363636363634736,70.26785714285705,Pressure Drop
71.29518072289179,1.2014388489208554,5.804101958136394,1580.676328502418,9.454545454544451,72.67857142857144,Pressure Drop
73.21536144578292,2.1612164813603565,5.60432140445644,1574.3961352657034,8.818181818179188,70.26785714285705,Pressure Drop
81.79969879518057,2.0974493132766443,5.525320729236996,1565.217391304348,9.545454545455549,67.05357142857142,Pressure Drop
76.03915662650587,2.0328646173969878,5.994767049291019,1601.9323671497586,8.909090909090283,83.12499999999993,Pressure Drop
76.37801204819232,2.1113472858077165,6.550050641458469,1583.5748792270533,9.909090909091661,79.50892857142864,Pressure Drop
71.18222891566296,1.9012426422498412,5.280722484807555,1582.1256038647357,9.727272727273604,73.08035714285707,Pressure Drop
72.9894578313253,2.1497710922171365,5.937035786630655,1571.4975845410627,9.909090909091661,71.47321428571425,Pressure Drop
83.15512048192764,2.086821451929368,6.1087103308575275,1579.227053140095,10.272727272727774,71.47321428571425,Pressure Drop
82.02560240963821,2.3901242642249882,5.956785955435516,1540.0966183574885,10.181818181816679,66.65178571428578,Pressure Drop
77.84638554216819,2.0925441465009786,5.807140445644832,1565.217391304348,10.181818181816679,71.07142857142861,Pressure Drop
76.03915662650587,2.3410725964682735,6.252278865631337,1585.9903381642546,9.545454545455549,76.294642857143,Pressure Drop
75.24849397590287,2.006703727926751,6.010719108710332,1607.246376811595,10.181818181816679,75.89285714285708,Pressure Drop
80.3313253012047,2.459614126880311,6.4535786630654925,1587.9227053140114,9.545454545455549,73.48214285714299,Pressure Drop
74.79668674698762,1.8906147809025464,5.459993247805539,1606.7632850241557,9.000000000001378,79.10714285714302,Pressure Drop
85.18825301204888,2.32308698495748,6.684503713706948,1533.8164251207738,10.727272727270847,66.25000000000014,Pressure Drop
77.39457831325294,1.677240026160894,5.429608372721129,1592.2705314009695,9.727272727273604,72.27678571428581,Pressure Drop
83.71987951807172,2.115434924787438,6.454338284942602,1588.8888888888896,9.909090909091661,73.88392857142861,Pressure Drop
76.26506024096349,1.562786134728578,5.871708305199197,1602.4154589371979,8.909090909090283,81.51785714285711,Pressure Drop
77.50753012048175,1.4990189666448654,5.481262660364618,1584.5410628019315,9.363636363637491,75.08928571428581,Pressure Drop
71.18222891566296,2.035317200784821,5.927920324105342,1577.2946859903384,9.727272727273604,73.08035714285707,Pressure Drop
73.32831325301174,1.6813276651406153,5.794226873733955,1552.6570048309181,9.181818181819434,79.91071428571428,Pressure Drop
75.24849397590287,1.7271092217135346,5.778274814314658,1563.2850241545912,9.818181818180566,75.49107142857144,Pressure Drop
79.08885542168645,2.040222367560505,6.173278190411876,1565.217391304348,10.45454545454583,67.05357142857142,Pressure Drop
78.07228915662583,2.072105951602352,5.9264010803511065,1561.8357487922735,10.090909090909717,67.45535714285732,Pressure Drop
70.61746987951761,2.4759646827992157,6.462694125590822,1571.4975845410627,10.090909090909717,70.66964285714297,Pressure Drop
75.13554216867406,1.687050359712226,5.382511816340314,1589.855072463768,9.727272727273604,77.90178571428582,Pressure Drop
70.84337349397524,1.9143230869849501,6.2112592842673795,1586.956521739133,9.999999999998622,77.90178571428582,Pressure Drop
79.99246987951825,2.1742969260954847,6.355587440918297,1569.0821256038669,10.090909090909717,69.46428571428578,Pressure Drop
72.53765060241004,2.086821451929368,6.4087609723160055,1586.4734299516938,8.818181818179188,73.88392857142861,Pressure Drop
78.07228915662583,2.3247220405493687,6.692859554355168,1556.038647342998,10.090909090909717,73.48214285714299,Pressure Drop
77.84638554216819,1.8775343361674373,6.756667792032407,1575.8454106280208,9.727272727273604,69.86607142857142,Pressure Drop
72.1987951807223,1.9028776978417297,5.47062795408507,1596.6183574879221,8.63636363636113,81.11607142857147,Pressure Drop
76.37801204819232,2.445716154349239,5.849679270762991,1606.7632850241557,9.909090909091661,76.69642857142864,Pressure Drop
74.57078313252998,1.7459123610202725,6.169480081026329,1559.4202898550723,9.545454545455549,71.87500000000017,Pressure Drop
80.55722891566234,2.7253106605624557,6.553848750844016,1542.0289855072454,9.999999999998622,67.05357142857142,Pressure Drop
72.53765060241004,1.2055264879005958,5.306549628629307,1622.7053140096652,9.090909090908339,91.56249999999997,Pressure Drop
82.8162650602412,2.162851536952264,6.3388757596218746,1577.7777777777776,9.636363636362509,79.91071428571428,Pressure Drop
73.66716867469819,2.0917266187050343,6.283423362592838,1599.0338164251234,9.545454545455549,72.27678571428581,Pressure Drop
76.82981927710887,2.377861347285805,5.868669817690742,1587.4396135265722,10.363636363634736,68.66071428571423,Pressure Drop
81.23493975903651,1.769620667102676,5.97197839297772,1589.3719806763288,9.999999999998622,75.08928571428581,Pressure Drop
72.9894578313253,2.556082406801833,6.28190411883862,1574.8792270531426,9.363636363637491,71.07142857142861,Pressure Drop
83.38102409638527,2.595323741007198,6.813639432815662,1516.908212560386,10.636363636363887,61.83035714285731,Pressure Drop
75.47439759036179,2.2691301504251182,6.057815665091148,1582.608695652175,9.727272727273604,66.25000000000014,Pressure Drop
73.21536144578292,1.6478090255068614,5.616475354490207,1582.1256038647357,9.909090909091661,73.48214285714299,Pressure Drop
62.71084337349413,2.115434924787438,5.566340310600937,1592.7536231884087,9.272727272726396,88.34821428571432,Pressure Drop
75.92620481927706,1.6674296926095433,5.327819041188388,1597.584541062806,9.636363636362509,79.10714285714302,Pressure Drop
70.61746987951761,2.170209287115763,6.04338284942607,1601.4492753623194,9.090909090908339,76.69642857142864,Pressure Drop
77.84638554216819,2.028776978417266,5.460752869682648,1554.589371980675,10.272727272727774,65.44642857142858,Pressure Drop
81.46084337349413,2.7759973839110588,6.309250506414592,1518.3574879227035,10.272727272727774,67.45535714285732,Pressure Drop
78.07228915662583,2.0639306736429086,6.221893990546928,1538.164251207732,10.363636363634736,70.26785714285705,Pressure Drop
81.79969879518057,2.011608894702417,6.8903612424037775,1533.3333333333346,9.999999999998622,66.25000000000014,Pressure Drop
73.8930722891571,1.562786134728578,5.377954085077658,1620.7729468599032,9.545454545455549,80.71428571428584,Pressure Drop
71.74698795180704,1.6518966644866016,5.839044564483459,1610.1449275362356,8.909090909090283,81.11607142857147,Pressure Drop
71.4081325301206,1.9772727272727182,6.143652937204593,1581.6425120772965,9.818181818180566,70.26785714285705,Pressure Drop
85.3012048192777,2.6239372138652675,6.7308406482106715,1530.9178743961331,10.636363636363887,56.607142857142925,Pressure Drop
80.21837349397589,1.9380313930673725,6.196066846725191,1554.1062801932358,9.999999999998622,71.07142857142861,Pressure Drop
82.36445783132594,2.3100065402223713,6.973919648885895,1571.0144927536235,9.909090909091661,61.83035714285731,Pressure Drop
77.959337349397,2.314911706998037,6.763504388926409,1529.4685990338157,10.363636363634736,68.66071428571423,Pressure Drop
79.87951807228944,2.4416285153695174,6.943534773801485,1557.4879227053157,10.090909090909717,64.2410714285714,Pressure Drop
77.62048192771056,1.824395029431001,5.670408507765024,1609.1787439613518,9.454545454544451,73.88392857142861,Pressure Drop
70.95632530120406,1.1344015696533658,5.877025658338963,1604.34782608696,9.363636363637491,79.50892857142864,Pressure Drop
77.959337349397,2.639470241988228,6.694378798109387,1540.5797101449277,9.818181818180566,66.25000000000014,Pressure Drop
75.02259036144525,2.941955526487904,6.433068872383522,1597.1014492753613,9.727272727273604,72.27678571428581,Pressure Drop
80.3313253012047,2.4252779594506126,6.66171505739365,1584.5410628019315,9.454545454544451,69.86607142857142,Pressure Drop
75.92620481927706,1.6674296926095433,5.616475354490207,1550.7246376811615,9.636363636362509,67.45535714285732,Pressure Drop
78.86295180722882,1.4875735775016266,5.371877110060765,1570.0483091787453,9.636363636362509,79.50892857142864,Pressure Drop
77.50753012048175,2.0124264224983612,6.328241053342343,1551.2077294686007,10.090909090909717,65.84821428571422,Pressure Drop
74.11897590361473,1.5153695225637707,6.007680621201895,1552.6570048309181,9.636363636362509,72.67857142857144,Pressure Drop
77.62048192771056,2.1775670372792617,5.990209318028362,1554.1062801932358,10.272727272727774,72.67857142857144,Pressure Drop
75.47439759036179,2.453891432308701,6.227211343686693,1573.9130434782642,9.818181818180566,71.07142857142861,Pressure Drop
79.65361445783181,2.1906474820143895,6.31152937204592,1567.1497584541046,9.999999999998622,71.87500000000017,Pressure Drop
74.23192771084354,2.565075212557221,6.335077650236327,1592.2705314009695,9.454545454544451,72.27678571428581,Pressure Drop
64.74397590361409,1.794964028776987,5.444800810263334,1568.5990338164277,9.636363636362509,79.50892857142864,Pressure Drop
76.71686746988004,2.086003924133424,6.227970965563802,1571.9806763285019,9.727272727273604,70.66964285714297,Pressure Drop
77.62048192771056,2.2813930673642826,6.889601620526667,1490.338164251209,10.181818181816679,65.44642857142858,Pressure Drop
79.540662650603,2.1227926749509556,6.050979068197163,1564.7342995169088,9.545454545455549,72.27678571428581,Pressure Drop
82.70331325301238,2.2331589274035313,6.689061444969622,1551.69082125604,10.636363636363887,60.2232142857142,Pressure Drop
73.55421686746936,2.69342707652059,6.031988521269412,1589.855072463768,9.545454545455549,72.27678571428581,Pressure Drop
76.37801204819232,1.9380313930673725,5.984132343011471,1595.1690821256045,9.363636363637491,70.26785714285705,Pressure Drop
81.68674698795176,2.39993459777632,6.99974679270763,1513.0434782608725,10.45454545454583,66.25000000000014,Pressure Drop
81.00903614457887,2.1669391759319856,5.476704929101962,1565.7004830917872,10.545454545452792,72.67857142857144,Pressure Drop
73.780120481927,1.80313930673643,5.42808912896691,1613.0434782608706,9.272727272726396,75.89285714285708,Pressure Drop
76.82981927710887,1.9780902550686625,5.453916272788664,1564.2512077294696,9.454545454544451,72.67857142857144,Pressure Drop
75.81325301204824,3.0523217789404797,6.369260634706284,1533.3333333333346,10.727272727270847,64.64285714285732,Pressure Drop
73.21536144578292,1.5717789404839841,5.185010128291688,1584.5410628019315,9.909090909091661,70.66964285714297,Pressure Drop
73.10240963855411,2.435905820797908,5.758524645509797,1561.3526570048346,9.999999999998622,67.45535714285732,Pressure Drop
77.39457831325294,1.9192282537606344,5.94311276164753,1549.7584541062831,9.090909090908339,62.23214285714294,Pressure Drop
72.42469879517994,2.088456507521257,5.05815327481432,1558.937198067633,9.000000000001378,76.294642857143,Pressure Drop
78.75,1.7728907782864534,4.850016880486162,1588.8888888888896,9.545454545455549,88.34821428571432,Pressure Drop
85.86596385542177,2.3606932635709557,6.333558406482108,1536.7149758454088,10.363636363634736,62.63392857142858,Pressure Drop
71.74698795180704,2.611674296926084,5.872467927076306,1590.8212560386464,9.636363636362509,82.72321428571429,Pressure Drop
75.92620481927706,1.9772727272727182,5.587609723160034,1572.463768115941,9.727272727273604,75.49107142857144,Pressure Drop
74.11897590361473,1.748364944408105,5.835246455097913,1589.855072463768,9.363636363637491,71.07142857142861,Pressure Drop
80.67018072289113,2.7007848266841075,7.2648548278190415,1539.6135265700493,9.636363636362509,75.08928571428581,Pressure Drop
69.48795180722817,1.1793655984303406,5.022451046590144,1625.120772946861,9.545454545455549,80.71428571428584,Pressure Drop
77.28162650602411,2.041857423152394,6.205182309250504,1577.2946859903384,10.45454545454583,69.06250000000016,Pressure Drop
74.57078313252998,2.337802485284496,5.511647535449027,1553.6231884057966,9.181818181819434,77.50000000000018,Pressure Drop
79.31475903614408,1.8358404185742399,6.175557056043221,1562.3188405797127,9.727272727273604,69.86607142857142,Pressure Drop
78.97590361445762,2.601046435578808,5.920324105334231,1527.0531400966197,9.999999999998622,77.09821428571428,Pressure Drop
85.52710843373532,2.8258665794636997,6.30241390952059,1564.7342995169088,9.181818181819434,70.66964285714297,Pressure Drop
78.63704819277119,2.2266187050359765,6.317606347062794,1536.2318840579696,10.272727272727774,60.625000000000114,Pressure Drop
74.6837349397588,1.9135055591890058,5.760803511141125,1610.6280193236748,8.909090909090283,77.09821428571428,Pressure Drop
75.70030120481943,2.219260954872459,6.804523970290349,1559.4202898550723,9.999999999998622,68.2589285714286,Pressure Drop
71.85993975903585,1.3322432962720763,5.359723160027015,1615.9420289855111,9.272727272726396,82.32142857142867,Pressure Drop
77.959337349397,2.7293982995421775,6.102633355840652,1543.4782608695682,9.909090909091661,65.84821428571422,Pressure Drop
70.95632530120406,1.3224329627207259,6.273548278190416,1612.0772946859922,9.999999999998622,73.08035714285707,Pressure Drop
79.42771084337289,2.1276978417266212,6.318365968939903,1560.8695652173897,10.090909090909717,66.65178571428578,Pressure Drop
74.00602409638591,2.484139960758659,5.675725860904789,1610.1449275362356,9.454545454544451,69.86607142857142,Pressure Drop
73.32831325301174,2.1685742315238743,6.479405806887246,1563.7681159420304,9.636363636362509,73.48214285714299,Pressure Drop
75.70030120481943,1.6837802485284483,6.015276839972989,1542.9951690821235,10.363636363634736,67.45535714285732,Pressure Drop
71.63403614457823,1.2586657946370134,4.939652261985136,1605.7971014492775,9.272727272726396,81.91964285714303,Pressure Drop
77.39457831325294,2.3051013734466865,6.259115462525321,1484.5410628019333,9.909090909091661,66.25000000000014,Pressure Drop
75.02259036144525,1.5660562459123553,5.2997130317353065,1601.9323671497586,9.545454545455549,73.48214285714299,Pressure Drop
72.87650602409649,1.5954872465663876,5.338453747467919,1587.9227053140114,9.363636363637491,73.88392857142861,Pressure Drop
77.05572289156649,2.0230542838456556,6.497636731937888,1589.3719806763288,9.909090909091661,81.51785714285711,Pressure Drop
81.34789156626532,2.1456834532374147,6.068450371370696,1563.2850241545912,10.45454545454583,67.45535714285732,Pressure Drop
76.37801204819232,1.4761281883584063,5.760043889264016,1580.1932367149789,9.545454545455549,71.47321428571425,Pressure Drop
72.76355421686766,2.2208960104643474,6.074527346387571,1550.2415458937223,10.45454545454583,67.85714285714297,Pressure Drop
81.46084337349413,2.588783518639625,6.48548278190412,1546.8599033816427,9.818181818180566,72.67857142857144,Pressure Drop
70.61746987951761,2.026324395029433,5.371877110060765,1627.0531400966179,9.363636363637491,89.5535714285715,Pressure Drop
82.92921686747002,2.942773054283848,6.831110735989195,1545.410628019325,10.181818181816679,69.46428571428578,Pressure Drop
70.05271084337353,1.4867560497056824,5.4144159351789245,1595.1690821256045,9.181818181819434,76.69642857142864,Pressure Drop
82.13855421686702,1.4965663832570324,6.332798784604999,1577.7777777777776,10.545454545452792,70.66964285714297,Pressure Drop
71.4081325301206,2.019784172661878,6.210499662390269,1611.111111111114,9.545454545455549,68.2589285714286,Pressure Drop
77.1686746987953,2.4874100719424366,5.870189061444961,1578.2608695652168,9.818181818180566,68.2589285714286,Pressure Drop
72.53765060241004,1.826847612818834,5.861833220796758,1579.227053140095,10.272727272727774,65.04464285714295,Pressure Drop
75.81325301204824,1.9756376716808297,5.257174206617147,1646.8599033816463,9.363636363637491,78.30357142857146,Pressure Drop
74.45783132530117,2.435905820797908,5.9590648210668435,1614.009661835749,9.272727272726396,71.47321428571425,Pressure Drop
68.0195783132523,1.8505559189012377,6.004642133693458,1585.5072463768154,9.363636363637491,79.50892857142864,Pressure Drop
76.82981927710887,1.9012426422498412,6.182393652937206,1546.8599033816427,9.727272727273604,75.49107142857144,Pressure Drop
78.07228915662583,2.1595814257684682,6.062373396353822,1558.937198067633,9.636363636362509,74.28571428571426,Pressure Drop
77.73343373493938,1.7933289731850797,6.43610735989196,1557.9710144927546,9.818181818180566,67.45535714285732,Pressure Drop
83.83283132530181,1.7982341399607642,5.990209318028362,1599.5169082125626,9.363636363637491,81.11607142857147,Pressure Drop
77.50753012048175,1.7140287769784255,6.102633355840652,1539.6135265700493,10.545454545452792,65.44642857142858,Pressure Drop
73.44126506024055,2.419555264879002,6.781735313977034,1545.8937198067642,10.727272727270847,64.2410714285714,Pressure Drop
79.08885542168645,2.1881948986265565,6.910871033085748,1550.7246376811615,10.090909090909717,61.42857142857139,Pressure Drop
68.9231927710841,1.794146500981024,5.065749493585413,1607.7294685990341,9.090909090908339,85.93749999999994,Pressure Drop
75.36144578313298,1.778613472858082,5.908170155300464,1557.0048309178765,9.454545454544451,74.28571428571426,Pressure Drop
78.63704819277119,2.5724329627207387,6.48700202565834,1547.3429951690819,10.272727272727774,63.43750000000013,Pressure Drop
73.780120481927,2.3950294310006544,5.996286293045237,1568.5990338164277,10.090909090909717,70.66964285714297,Pressure Drop
83.71987951807172,2.189829954218445,6.047940580688726,1566.6666666666654,9.363636363637491,69.86607142857142,Pressure Drop
75.70030120481943,1.2447678221059602,5.755486158001343,1633.3333333333328,9.454545454544451,79.91071428571428,Pressure Drop
69.600903614457,1.9045127534336184,6.0213538149898636,1594.202898550726,10.090909090909717,84.33035714285712,Pressure Drop
75.70030120481943,2.455526487900589,6.700455773126262,1485.5072463768117,10.181818181816679,60.2232142857142,Pressure Drop
72.08584337349349,2.481687377370826,5.952987846049968,1593.236714975848,9.000000000001378,77.50000000000018,Pressure Drop
74.23192771084354,2.1661216481360412,5.6818028359216814,1588.4057971014504,9.999999999998622,74.28571428571426,Pressure Drop
84.28463855421708,2.3762262916939165,6.18847062795408,1576.8115942028992,10.636363636363887,66.25000000000014,Pressure Drop
81.00903614457887,1.87017658600392,5.748649561107358,1552.1739130434792,9.454545454544451,66.65178571428578,Pressure Drop
74.57078313252998,1.4483322432962806,5.762322754895344,1578.743961352656,9.363636363637491,85.93749999999994,Pressure Drop
75.70030120481943,2.558534990189666,6.3836934503713785,1585.5072463768154,9.545454545455549,81.11607142857147,Pressure Drop
85.18825301204888,2.2127207325049043,6.825033760972319,1604.8309178743991,10.090909090909717,62.23214285714294,Pressure Drop
72.42469879517994,1.4287115761935987,5.61343686698177,1581.1594202898573,9.181818181819434,82.72321428571429,Pressure Drop
70.05271084337353,2.3001962066710204,5.573176907494938,1582.608695652175,9.818181818180566,85.5357142857143,Pressure Drop
77.62048192771056,1.630640941792012,6.433828494260632,1553.6231884057966,10.181818181816679,70.26785714285705,Pressure Drop
78.07228915662583,2.1358731196860643,5.436444969615131,1583.5748792270533,9.272727272726396,77.09821428571428,Pressure Drop
66.66415662650523,1.9323086984957436,5.824611748818365,1596.135265700483,9.363636363637491,77.90178571428582,Pressure Drop
68.58433734939766,1.9478417266187043,5.27388588791357,1566.6666666666654,9.363636363637491,75.08928571428581,Pressure Drop
74.6837349397588,2.306736429038594,5.980334233625923,1539.6135265700493,9.636363636362509,69.06250000000016,Pressure Drop
78.18524096385593,2.080281229561795,6.307731262660373,1529.9516908212547,9.818181818180566,70.66964285714297,Pressure Drop
83.04216867469883,2.784990189666446,6.68222484807562,1486.4734299516902,10.45454545454583,65.84821428571422,Pressure Drop
72.42469879517994,1.8669064748201427,5.912727886563138,1537.1980676328535,9.272727272726396,75.49107142857144,Pressure Drop
81.12198795180768,2.6582733812949657,6.353308575286969,1554.589371980675,9.727272727273604,65.44642857142858,Pressure Drop
70.84337349397524,2.103172007848273,5.69699527346387,1590.8212560386464,8.727272727272226,77.90178571428582,Pressure Drop
78.29819277108474,2.639470241988228,6.48700202565834,1527.0531400966197,11.090909090906962,59.017857142857295,Pressure Drop
74.90963855421643,2.148953564421192,6.024392302498319,1604.8309178743991,8.909090909090283,69.06250000000016,Pressure Drop
75.02259036144525,1.5709614126880398,5.173615800135048,1618.3574879227072,9.636363636362509,86.7410714285715,Pressure Drop
81.68674698795176,1.06245912361021,6.366981769074955,1585.0241545893707,10.181818181816679,71.87500000000017,Pressure Drop
73.32831325301174,2.3051013734466865,5.940833896016201,1548.7922705313993,9.999999999998622,72.67857142857144,Pressure Drop
